Datetime,USGS_flow,variable,USGS_ID,measurement_unit,qualifiers,series
2016-04-20,381.16666,streamflow,10136600,ft3/s,['A'],0
2016-04-21,439.0,streamflow,10136600,ft3/s,['A'],0
2016-04-22,512.94794,streamflow,10136600,ft3/s,['A'],0
2016-04-23,604.875,streamflow,10136600,ft3/s,['A'],0
2016-04-24,851.5833,streamflow,10136600,ft3/s,['A'],0
2016-04-25,643.76044,streamflow,10136600,ft3/s,['A'],0
2016-04-26,600.9375,streamflow,10136600,ft3/s,['A'],0
2016-04-27,564.67706,streamflow,10136600,ft3/s,['A'],0
2016-04-28,536.84375,streamflow,10136600,ft3/s,['A'],0
2016-04-29,487.16666,streamflow,10136600,ft3/s,['A'],0
2016-04-30,440.0,streamflow,10136600,ft3/s,['A'],0
2016-05-01,401.65625,streamflow,10136600,ft3/s,['A'],0
2016-05-02,356.5,streamflow,10136600,ft3/s,['A'],0
2016-05-03,326.5625,streamflow,10136600,ft3/s,['A'],0
2016-05-04,340.97916,streamflow,10136600,ft3/s,['A'],0
2016-05-05,413.14584,streamflow,10136600,ft3/s,['A'],0
2016-05-06,516.0625,streamflow,10136600,ft3/s,['A'],0
2016-05-07,654.23956,streamflow,10136600,ft3/s,['A'],0
2016-05-08,649.53125,streamflow,10136600,ft3/s,['A'],0
2016-05-09,693.86456,streamflow,10136600,ft3/s,['A'],0
2016-05-10,729.625,streamflow,10136600,ft3/s,['A'],0
2016-05-11,591.80206,streamflow,10136600,ft3/s,['A'],0
2016-05-12,485.0521,streamflow,10136600,ft3/s,['A'],0
2016-05-13,422.0,streamflow,10136600,ft3/s,['A'],0
2016-05-14,395.1354,streamflow,10136600,ft3/s,['A'],0
2016-05-15,398.52084,streamflow,10136600,ft3/s,['A'],0
2016-05-16,442.875,streamflow,10136600,ft3/s,['A'],0
2016-05-17,443.33334,streamflow,10136600,ft3/s,['A'],0
2016-05-18,386.0625,streamflow,10136600,ft3/s,['A'],0
2016-05-19,326.28125,streamflow,10136600,ft3/s,['A'],0
2016-05-20,467.41666,streamflow,10136600,ft3/s,['A'],0
2016-05-21,493.91666,streamflow,10136600,ft3/s,['A'],0
2016-05-22,517.96875,streamflow,10136600,ft3/s,['A'],0
2016-05-23,451.2604,streamflow,10136600,ft3/s,['A'],0
2016-05-24,368.47916,streamflow,10136600,ft3/s,['A'],0
2016-05-25,314.64584,streamflow,10136600,ft3/s,['A'],0
2016-05-26,273.89584,streamflow,10136600,ft3/s,['A'],0
2016-05-27,244.57292,streamflow,10136600,ft3/s,['A'],0
2016-05-28,260.0,streamflow,10136600,ft3/s,['A'],0
2016-05-29,282.54166,streamflow,10136600,ft3/s,['A'],0
2016-05-30,276.34375,streamflow,10136600,ft3/s,['A'],0
2016-05-31,212.86458,streamflow,10136600,ft3/s,['A'],0
2016-06-01,195.02083,streamflow,10136600,ft3/s,['A'],0
2016-06-02,195.98958,streamflow,10136600,ft3/s,['A'],0
2016-06-03,202.96875,streamflow,10136600,ft3/s,['A'],0
2016-06-04,196.35417,streamflow,10136600,ft3/s,['A'],0
2016-06-05,185.01042,streamflow,10136600,ft3/s,['A'],0
2016-06-06,159.0,streamflow,10136600,ft3/s,['A'],0
2016-06-07,160.91667,streamflow,10136600,ft3/s,['A'],0
2016-06-08,162.10417,streamflow,10136600,ft3/s,['A'],0
2016-06-09,150.125,streamflow,10136600,ft3/s,['A'],0
2016-06-10,175.8125,streamflow,10136600,ft3/s,['A'],0
2016-06-11,159.32292,streamflow,10136600,ft3/s,['A'],0
2016-06-12,225.08333,streamflow,10136600,ft3/s,['A'],0
2016-06-13,240.875,streamflow,10136600,ft3/s,['A'],0
2016-06-14,252.76042,streamflow,10136600,ft3/s,['A'],0
2016-06-15,236.3125,streamflow,10136600,ft3/s,['A'],0
2016-06-16,176.80208,streamflow,10136600,ft3/s,['A'],0
2016-06-17,154.6875,streamflow,10136600,ft3/s,['A'],0
2016-06-18,118.9375,streamflow,10136600,ft3/s,['A'],0
2016-06-19,120.64687,streamflow,10136600,ft3/s,['A'],0
2016-06-20,177.125,streamflow,10136600,ft3/s,['A'],0
2016-06-21,107.98021,streamflow,10136600,ft3/s,['A'],0
2016-06-22,130.71875,streamflow,10136600,ft3/s,['A'],0
2016-06-23,136.80208,streamflow,10136600,ft3/s,['A'],0
2016-06-24,133.36458,streamflow,10136600,ft3/s,['A'],0
2016-06-25,123.135414,streamflow,10136600,ft3/s,['A'],0
2016-06-26,125.3125,streamflow,10136600,ft3/s,['A'],0
2016-06-27,176.8125,streamflow,10136600,ft3/s,['A'],0
2016-06-28,140.4375,streamflow,10136600,ft3/s,['A'],0
2016-06-29,128.94792,streamflow,10136600,ft3/s,['A'],0
2016-06-30,135.8125,streamflow,10136600,ft3/s,['A'],0
2016-07-01,149.72917,streamflow,10136600,ft3/s,['A'],0
2016-07-02,162.20833,streamflow,10136600,ft3/s,['A'],0
2016-07-03,184.58022,streamflow,10136600,ft3/s,['A'],0
2016-07-04,171.3125,streamflow,10136600,ft3/s,['A'],0
2016-07-05,123.489586,streamflow,10136600,ft3/s,['A'],0
2016-07-06,129.98021,streamflow,10136600,ft3/s,['A'],0
2016-07-07,152.65625,streamflow,10136600,ft3/s,['A'],0
2016-07-08,142.51042,streamflow,10136600,ft3/s,['A'],0
2016-07-09,145.22917,streamflow,10136600,ft3/s,['A'],0
2016-07-10,142.46875,streamflow,10136600,ft3/s,['A'],0
2016-07-11,157.79167,streamflow,10136600,ft3/s,['A'],0
2016-07-12,157.30104,streamflow,10136600,ft3/s,['A'],0
2016-07-13,145.59375,streamflow,10136600,ft3/s,['A'],0
2016-07-14,128.25,streamflow,10136600,ft3/s,['A'],0
2016-07-15,127.56979,streamflow,10136600,ft3/s,['A'],0
2016-07-16,134.92708,streamflow,10136600,ft3/s,['A'],0
2016-07-17,139.125,streamflow,10136600,ft3/s,['A'],0
2016-07-18,157.72917,streamflow,10136600,ft3/s,['A'],0
2016-07-19,156.72604,streamflow,10136600,ft3/s,['A'],0
2016-07-20,143.91667,streamflow,10136600,ft3/s,['A'],0
2016-07-21,107.95937,streamflow,10136600,ft3/s,['A'],0
2016-07-22,92.688545,streamflow,10136600,ft3/s,['A'],0
2016-07-23,122.35208,streamflow,10136600,ft3/s,['A'],0
2016-07-24,165.29167,streamflow,10136600,ft3/s,['A'],0
2016-07-25,163.11458,streamflow,10136600,ft3/s,['A'],0
2016-07-26,127.560104,streamflow,10136600,ft3/s,['A'],0
2016-07-27,116.51354,streamflow,10136600,ft3/s,['A'],0
2016-07-28,120.390625,streamflow,10136600,ft3/s,['A'],0
2016-07-29,118.282295,streamflow,10136600,ft3/s,['A'],0
2016-07-30,110.60729,streamflow,10136600,ft3/s,['A'],0
2016-07-31,118.864586,streamflow,10136600,ft3/s,['A'],0
2016-08-01,122.55312,streamflow,10136600,ft3/s,['A'],0
2016-08-02,97.85104,streamflow,10136600,ft3/s,['A'],0
2016-08-03,115.2875,streamflow,10136600,ft3/s,['A'],0
2016-08-04,115.469795,streamflow,10136600,ft3/s,['A'],0
2016-08-05,108.316666,streamflow,10136600,ft3/s,['A'],0
2016-08-06,134.47917,streamflow,10136600,ft3/s,['A'],0
2016-08-07,170.20938,streamflow,10136600,ft3/s,['A'],0
2016-08-08,119.354164,streamflow,10136600,ft3/s,['A'],0
2016-08-09,120.75938,streamflow,10136600,ft3/s,['A'],0
2016-08-10,110.58437,streamflow,10136600,ft3/s,['A'],0
2016-08-11,138.20729,streamflow,10136600,ft3/s,['A'],0
2016-08-12,154.10417,streamflow,10136600,ft3/s,['A'],0
2016-08-13,140.97917,streamflow,10136600,ft3/s,['A'],0
2016-08-14,111.31979,streamflow,10136600,ft3/s,['A'],0
2016-08-15,85.74687,streamflow,10136600,ft3/s,['A'],0
2016-08-16,98.171875,streamflow,10136600,ft3/s,['A'],0
2016-08-17,117.260414,streamflow,10136600,ft3/s,['A'],0
2016-08-18,114.344795,streamflow,10136600,ft3/s,['A'],0
2016-08-19,113.5625,streamflow,10136600,ft3/s,['A'],0
2016-08-20,131.85417,streamflow,10136600,ft3/s,['A'],0
2016-08-21,131.9375,streamflow,10136600,ft3/s,['A'],0
2016-08-22,132.9427,streamflow,10136600,ft3/s,['A'],0
2016-08-23,114.472916,streamflow,10136600,ft3/s,['A'],0
2016-08-24,101.53854,streamflow,10136600,ft3/s,['A'],0
2016-08-25,105.64375,streamflow,10136600,ft3/s,['A'],0
2016-08-26,118.135414,streamflow,10136600,ft3/s,['A'],0
2016-08-27,138.82292,streamflow,10136600,ft3/s,['A'],0
2016-08-28,129.48958,streamflow,10136600,ft3/s,['A'],0
2016-08-29,106.561455,streamflow,10136600,ft3/s,['A'],0
2016-08-30,60.223957,streamflow,10136600,ft3/s,['A'],0
2016-08-31,76.17812,streamflow,10136600,ft3/s,['A'],0
2016-09-01,102.657295,streamflow,10136600,ft3/s,['A'],0
2016-09-02,148.8375,streamflow,10136600,ft3/s,['A'],0
2016-09-03,155.61458,streamflow,10136600,ft3/s,['A'],0
2016-09-04,129.04167,streamflow,10136600,ft3/s,['A'],0
2016-09-05,143.54897,streamflow,10136600,ft3/s,['A'],0
2016-09-06,129.67397,streamflow,10136600,ft3/s,['A'],0
2016-09-07,111.27292,streamflow,10136600,ft3/s,['A'],0
2016-09-08,96.1,streamflow,10136600,ft3/s,['A'],0
2016-09-09,91.754166,streamflow,10136600,ft3/s,['A'],0
2016-09-10,86.10625,streamflow,10136600,ft3/s,['A'],0
2016-09-11,121.71875,streamflow,10136600,ft3/s,['A'],0
2016-09-12,100.097916,streamflow,10136600,ft3/s,['A'],0
2016-09-13,102.9125,streamflow,10136600,ft3/s,['A'],0
2016-09-14,177.67708,streamflow,10136600,ft3/s,['A'],0
2016-09-15,241.86458,streamflow,10136600,ft3/s,['A'],0
2016-09-16,240.58333,streamflow,10136600,ft3/s,['A'],0
2016-09-17,208.69792,streamflow,10136600,ft3/s,['A'],0
2016-09-18,177.38542,streamflow,10136600,ft3/s,['A'],0
2016-09-19,132.17188,streamflow,10136600,ft3/s,['A'],0
2016-09-20,78.19063,streamflow,10136600,ft3/s,['A'],0
2016-09-21,84.41979,streamflow,10136600,ft3/s,['A'],0
2016-09-22,133.3052,streamflow,10136600,ft3/s,['A'],0
2016-09-23,216.90625,streamflow,10136600,ft3/s,['A'],0
2016-09-24,256.75,streamflow,10136600,ft3/s,['A'],0
2016-09-25,203.8125,streamflow,10136600,ft3/s,['A'],0
2016-09-26,168.0625,streamflow,10136600,ft3/s,['A'],0
2016-09-27,139.47917,streamflow,10136600,ft3/s,['A'],0
2016-09-28,119.15417,streamflow,10136600,ft3/s,['A'],0
2016-09-29,105.76458,streamflow,10136600,ft3/s,['A'],0
2016-09-30,104.93646,streamflow,10136600,ft3/s,['A'],0
2016-10-01,97.802086,streamflow,10136600,ft3/s,['A'],0
2016-10-02,94.48646,streamflow,10136600,ft3/s,['A'],0
2016-10-03,130.13542,streamflow,10136600,ft3/s,['A'],0
2016-10-04,110.05104,streamflow,10136600,ft3/s,['A'],0
2016-10-05,95.99375,streamflow,10136600,ft3/s,['A'],0
2016-10-06,85.254166,streamflow,10136600,ft3/s,['A'],0
2016-10-07,111.697914,streamflow,10136600,ft3/s,['A'],0
2016-10-08,113.14167,streamflow,10136600,ft3/s,['A'],0
2016-10-09,80.245834,streamflow,10136600,ft3/s,['A'],0
2016-10-10,76.28438,streamflow,10136600,ft3/s,['A'],0
2016-10-11,65.01771,streamflow,10136600,ft3/s,['A'],0
2016-10-12,97.81458,streamflow,10136600,ft3/s,['A'],0
2016-10-13,119.66875,streamflow,10136600,ft3/s,['A'],0
2016-10-14,190.21355,streamflow,10136600,ft3/s,['A'],0
2016-10-15,190.79167,streamflow,10136600,ft3/s,['A'],0
2016-10-16,120.427086,streamflow,10136600,ft3/s,['A'],0
2016-10-17,104.989586,streamflow,10136600,ft3/s,['A'],0
2016-10-18,96.575,streamflow,10136600,ft3/s,['A'],0
2016-10-19,97.54896,streamflow,10136600,ft3/s,['A'],0
2016-10-20,86.36042,streamflow,10136600,ft3/s,['A'],0
2016-10-21,82.770836,streamflow,10136600,ft3/s,['A'],0
2016-10-22,86.29375,streamflow,10136600,ft3/s,['A'],0
2016-10-23,74.104164,streamflow,10136600,ft3/s,['A'],0
2016-10-24,77.12813,streamflow,10136600,ft3/s,['A'],0
2016-10-25,79.941666,streamflow,10136600,ft3/s,['A'],0
2016-10-26,75.04792,streamflow,10136600,ft3/s,['A'],0
2016-10-27,77.98125,streamflow,10136600,ft3/s,['A'],0
2016-10-28,78.43021,streamflow,10136600,ft3/s,['A'],0
2016-10-29,70.91563,streamflow,10136600,ft3/s,['A'],0
2016-10-30,66.5625,streamflow,10136600,ft3/s,['A'],0
2016-10-31,77.15833,streamflow,10136600,ft3/s,['A'],0
2016-11-01,84.61771,streamflow,10136600,ft3/s,['A'],0
2016-11-02,80.29583,streamflow,10136600,ft3/s,['A'],0
2016-11-03,68.47396,streamflow,10136600,ft3/s,['A'],0
2016-11-04,64.62813,streamflow,10136600,ft3/s,['A'],0
2016-11-05,64.92396,streamflow,10136600,ft3/s,['A'],0
2016-11-06,64.78958,streamflow,10136600,ft3/s,['A'],0
2016-11-07,62.03958,streamflow,10136600,ft3/s,['A'],0
2016-11-08,57.244793,streamflow,10136600,ft3/s,['A'],0
2016-11-09,54.14792,streamflow,10136600,ft3/s,['A'],0
2016-11-10,66.083336,streamflow,10136600,ft3/s,['A'],0
2016-11-11,79.296875,streamflow,10136600,ft3/s,['A'],0
2016-11-12,61.720833,streamflow,10136600,ft3/s,['A'],0
2016-11-13,71.09583,streamflow,10136600,ft3/s,['A'],0
2016-11-14,66.25625,streamflow,10136600,ft3/s,['A'],0
2016-11-15,57.789585,streamflow,10136600,ft3/s,['A'],0
2016-11-16,55.18854,streamflow,10136600,ft3/s,['A'],0
2016-11-17,53.78229,streamflow,10136600,ft3/s,['A'],0
2016-11-18,65.208336,streamflow,10136600,ft3/s,['A'],0
2016-11-19,63.329166,streamflow,10136600,ft3/s,['A'],0
2016-11-20,62.93646,streamflow,10136600,ft3/s,['A'],0
2016-11-21,66.88125,streamflow,10136600,ft3/s,['A'],0
2016-11-22,77.99896,streamflow,10136600,ft3/s,['A'],0
2016-11-23,83.49167,streamflow,10136600,ft3/s,['A'],0
2016-11-24,84.28438,streamflow,10136600,ft3/s,['A'],0
2016-11-25,74.93958,streamflow,10136600,ft3/s,['A'],0
2016-11-26,80.34062,streamflow,10136600,ft3/s,['A'],0
2016-11-27,81.55729,streamflow,10136600,ft3/s,['A'],0
2016-11-28,84.58646,streamflow,10136600,ft3/s,['A'],0
2016-11-29,79.19896,streamflow,10136600,ft3/s,['A'],0
2016-11-30,73.32604,streamflow,10136600,ft3/s,['A'],0
2016-12-01,76.558334,streamflow,10136600,ft3/s,['A'],0
2016-12-02,66.06979,streamflow,10136600,ft3/s,['A'],0
2016-12-03,63.513542,streamflow,10136600,ft3/s,['A'],0
2016-12-04,59.145832,streamflow,10136600,ft3/s,['A'],0
2016-12-05,60.175,streamflow,10136600,ft3/s,['A'],0
2016-12-06,64.36667,streamflow,10136600,ft3/s,['A'],0
2016-12-07,55.6,streamflow,10136600,ft3/s,['A'],0
2016-12-08,52.7,streamflow,10136600,ft3/s,['A'],0
2016-12-09,60.094444,streamflow,10136600,ft3/s,['A'],0
2016-12-10,60.095833,streamflow,10136600,ft3/s,['A'],0
2016-12-11,163.08542,streamflow,10136600,ft3/s,['A'],0
2016-12-12,132.39375,streamflow,10136600,ft3/s,['A'],0
2016-12-13,110.83542,streamflow,10136600,ft3/s,['A'],0
2016-12-14,94.67812,streamflow,10136600,ft3/s,['A'],0
2016-12-15,90.36875,streamflow,10136600,ft3/s,['A'],0
2016-12-16,347.16354,streamflow,10136600,ft3/s,['A'],0
2016-12-17,383.0625,streamflow,10136600,ft3/s,['A'],0
2016-12-18,191.10417,streamflow,10136600,ft3/s,['A'],0
2016-12-19,153.1875,streamflow,10136600,ft3/s,['A'],0
2016-12-20,131.16667,streamflow,10136600,ft3/s,['A'],0
2016-12-21,129.72043,streamflow,10136600,ft3/s,['A'],0
2016-12-22,108.78125,streamflow,10136600,ft3/s,['A'],0
2016-12-23,99.083336,streamflow,10136600,ft3/s,['A'],0
2016-12-24,94.6875,streamflow,10136600,ft3/s,['A'],0
2016-12-25,102.60521,streamflow,10136600,ft3/s,['A'],0
2016-12-26,99.8375,streamflow,10136600,ft3/s,['A'],0
2016-12-27,91.80521,streamflow,10136600,ft3/s,['A'],0
2016-12-28,79.93125,streamflow,10136600,ft3/s,['A'],0
2016-12-29,72.564514,streamflow,10136600,ft3/s,['A'],0
2016-12-30,73.850006,streamflow,10136600,ft3/s,['A'],0
2016-12-31,72.850006,streamflow,10136600,ft3/s,['A'],0
2017-01-01,67.149994,streamflow,10136600,ft3/s,['A'],0
2017-01-02,72.75,streamflow,10136600,ft3/s,['A'],0
2017-01-03,68.7,streamflow,10136600,ft3/s,['A'],0
2017-01-04,77.1579,streamflow,10136600,ft3/s,['A'],0
2017-01-05,88.8375,streamflow,10136600,ft3/s,['A'],0
2017-01-06,83.85555,streamflow,10136600,ft3/s,['A'],0
2017-01-07,94.8,streamflow,10136600,ft3/s,['A'],0
2017-01-08,98.3,streamflow,10136600,ft3/s,['A'],0
2017-01-09,172.0,streamflow,10136600,ft3/s,['A'],0
2017-01-10,366.2289,streamflow,10136600,ft3/s,['A'],0
2017-01-11,281.3646,streamflow,10136600,ft3/s,['A'],0
2017-01-12,287.0,streamflow,10136600,ft3/s,['A'],0
2017-01-13,193.20833,streamflow,10136600,ft3/s,['A'],0
2017-01-14,159.44792,streamflow,10136600,ft3/s,['A'],0
2017-01-15,146.72395,streamflow,10136600,ft3/s,['A'],0
2017-01-16,131.43541,streamflow,10136600,ft3/s,['A'],0
2017-01-17,128.76552,streamflow,10136600,ft3/s,['A'],0
2017-01-18,138.10146,streamflow,10136600,ft3/s,['A'],0
2017-01-19,129.125,streamflow,10136600,ft3/s,['A'],0
2017-01-20,117.89207,streamflow,10136600,ft3/s,['A'],0
2017-01-21,112.67396,streamflow,10136600,ft3/s,['A'],0
2017-01-22,107.08854,streamflow,10136600,ft3/s,['A'],0
2017-01-23,110.941666,streamflow,10136600,ft3/s,['A'],0
2017-01-24,106.23333,streamflow,10136600,ft3/s,['A'],0
2017-01-25,94.969795,streamflow,10136600,ft3/s,['A'],0
2017-01-26,95.53333,streamflow,10136600,ft3/s,['A'],0
2017-01-27,86.26458,streamflow,10136600,ft3/s,['A'],0
2017-01-28,88.49048,streamflow,10136600,ft3/s,['A'],0
2017-01-29,91.0,streamflow,10136600,ft3/s,['A'],0
2017-01-30,89.975,streamflow,10136600,ft3/s,['A'],0
2017-01-31,90.975,streamflow,10136600,ft3/s,['A'],0
2017-02-01,91.675,streamflow,10136600,ft3/s,['A'],0
2017-02-02,93.2,streamflow,10136600,ft3/s,['A'],0
2017-02-03,86.467125,streamflow,10136600,ft3/s,['A'],0
2017-02-04,89.09896,streamflow,10136600,ft3/s,['A'],0
2017-02-05,123.910416,streamflow,10136600,ft3/s,['A'],0
2017-02-06,140.08333,streamflow,10136600,ft3/s,['A'],0
2017-02-07,407.96875,streamflow,10136600,ft3/s,['A'],0
2017-02-08,1022.8333,streamflow,10136600,ft3/s,['A'],0
2017-02-09,1262.1146,streamflow,10136600,ft3/s,['A'],0
2017-02-10,1611.6666,streamflow,10136600,ft3/s,['A'],0
2017-02-11,1733.8541,streamflow,10136600,ft3/s,['A'],0
2017-02-12,997.8958,streamflow,10136600,ft3/s,['A'],0
2017-02-13,678.8958,streamflow,10136600,ft3/s,['A'],0
2017-02-14,549.05206,streamflow,10136600,ft3/s,['A'],0
2017-02-15,459.875,streamflow,10136600,ft3/s,['A'],0
2017-02-16,411.0,streamflow,10136600,ft3/s,['A'],0
2017-02-17,388.5,streamflow,10136600,ft3/s,['A'],0
2017-02-18,396.91666,streamflow,10136600,ft3/s,['A'],0
2017-02-19,763.5208,streamflow,10136600,ft3/s,['A'],0
2017-02-20,834.9375,streamflow,10136600,ft3/s,['A'],0
2017-02-21,1021.84375,streamflow,10136600,ft3/s,['A'],0
2017-02-22,1390.4062,streamflow,10136600,ft3/s,['A'],0
2017-02-23,1005.40625,streamflow,10136600,ft3/s,['A'],0
2017-02-24,861.125,streamflow,10136600,ft3/s,['A'],0
2017-02-25,763.0625,streamflow,10136600,ft3/s,['A'],0
2017-02-26,721.0417,streamflow,10136600,ft3/s,['A'],0
2017-02-27,719.05206,streamflow,10136600,ft3/s,['A'],0
2017-02-28,672.2083,streamflow,10136600,ft3/s,['A'],0
2017-03-01,838.0208,streamflow,10136600,ft3/s,['A'],0
2017-03-02,1044.9375,streamflow,10136600,ft3/s,['A'],0
2017-03-03,1087.3959,streamflow,10136600,ft3/s,['A'],0
2017-03-04,1074.5834,streamflow,10136600,ft3/s,['A'],0
2017-03-05,1175.0,streamflow,10136600,ft3/s,['A'],0
2017-03-06,1252.1875,streamflow,10136600,ft3/s,['A'],0
2017-03-07,1108.4375,streamflow,10136600,ft3/s,['A'],0
2017-03-08,1123.6459,streamflow,10136600,ft3/s,['A'],0
2017-03-09,1312.2916,streamflow,10136600,ft3/s,['A'],0
2017-03-10,1395.0,streamflow,10136600,ft3/s,['A'],0
2017-03-11,1408.6459,streamflow,10136600,ft3/s,['A'],0
2017-03-12,1429.5834,streamflow,10136600,ft3/s,['A'],0
2017-03-13,1447.5,streamflow,10136600,ft3/s,['A'],0
2017-03-14,1475.4166,streamflow,10136600,ft3/s,['A'],0
2017-03-15,1447.9166,streamflow,10136600,ft3/s,['A'],0
2017-03-16,1736.25,streamflow,10136600,ft3/s,['A'],0
2017-03-17,1778.3334,streamflow,10136600,ft3/s,['A'],0
2017-03-18,1780.5209,streamflow,10136600,ft3/s,['A'],0
2017-03-19,1686.3541,streamflow,10136600,ft3/s,['A'],0
2017-03-20,1725.1041,streamflow,10136600,ft3/s,['A'],0
2017-03-21,1765.0,streamflow,10136600,ft3/s,['A'],0
2017-03-22,1757.5,streamflow,10136600,ft3/s,['A'],0
2017-03-23,2060.0,streamflow,10136600,ft3/s,['A'],0
2017-03-24,1951.4584,streamflow,10136600,ft3/s,['A'],0
2017-03-25,1784.4791,streamflow,10136600,ft3/s,['A'],0
2017-03-26,1540.4166,streamflow,10136600,ft3/s,['A'],0
2017-03-27,1323.3334,streamflow,10136600,ft3/s,['A'],0
2017-03-28,1335.4166,streamflow,10136600,ft3/s,['A'],0
2017-03-29,1163.6459,streamflow,10136600,ft3/s,['A'],0
2017-03-30,1089.5834,streamflow,10136600,ft3/s,['A'],0
2017-03-31,1169.2709,streamflow,10136600,ft3/s,['A'],0
2017-04-01,1146.25,streamflow,10136600,ft3/s,['A'],0
2017-04-02,1137.5,streamflow,10136600,ft3/s,['A'],0
2017-04-03,1143.9584,streamflow,10136600,ft3/s,['A'],0
2017-04-04,1038.0625,streamflow,10136600,ft3/s,['A'],0
2017-04-05,958.42706,streamflow,10136600,ft3/s,['A'],0
2017-04-06,897.34375,streamflow,10136600,ft3/s,['A'],0
2017-04-07,887.05206,streamflow,10136600,ft3/s,['A'],0
2017-04-08,1052.4791,streamflow,10136600,ft3/s,['A'],0
2017-04-09,1245.1041,streamflow,10136600,ft3/s,['A'],0
2017-04-10,1144.8959,streamflow,10136600,ft3/s,['A'],0
2017-04-11,1126.875,streamflow,10136600,ft3/s,['A'],0
2017-04-12,1108.0,streamflow,10136600,ft3/s,['A'],0
2017-04-13,1153.6979,streamflow,10136600,ft3/s,['A'],0
2017-04-14,1264.7916,streamflow,10136600,ft3/s,['A'],0
2017-04-15,1289.8959,streamflow,10136600,ft3/s,['A'],0
2017-04-16,1226.7709,streamflow,10136600,ft3/s,['A'],0
2017-04-17,1249.7916,streamflow,10136600,ft3/s,['A'],0
2017-04-18,1351.4584,streamflow,10136600,ft3/s,['A'],0
2017-04-19,1698.4375,streamflow,10136600,ft3/s,['A'],0
2017-04-20,1696.1459,streamflow,10136600,ft3/s,['A'],0
2017-04-21,1443.2291,streamflow,10136600,ft3/s,['A'],0
2017-04-22,1286.5625,streamflow,10136600,ft3/s,['A'],0
2017-04-23,1207.7084,streamflow,10136600,ft3/s,['A'],0
2017-04-24,1228.2291,streamflow,10136600,ft3/s,['A'],0
2017-04-25,1437.3959,streamflow,10136600,ft3/s,['A'],0
2017-04-26,1251.9791,streamflow,10136600,ft3/s,['A'],0
2017-04-27,1265.4166,streamflow,10136600,ft3/s,['A'],0
2017-04-28,1206.25,streamflow,10136600,ft3/s,['A'],0
2017-04-29,1188.4375,streamflow,10136600,ft3/s,['A'],0
2017-04-30,1121.25,streamflow,10136600,ft3/s,['A'],0
2017-05-01,1075.5209,streamflow,10136600,ft3/s,['A'],0
2017-05-02,943.84375,streamflow,10136600,ft3/s,['A'],0
2017-05-03,908.4792,streamflow,10136600,ft3/s,['A'],0
2017-05-04,959.5417,streamflow,10136600,ft3/s,['A'],0
2017-05-05,1092.6875,streamflow,10136600,ft3/s,['A'],0
2017-05-06,1249.375,streamflow,10136600,ft3/s,['A'],0
2017-05-07,1522.1875,streamflow,10136600,ft3/s,['A'],0
2017-05-08,1700.7291,streamflow,10136600,ft3/s,['A'],0
2017-05-09,1611.5625,streamflow,10136600,ft3/s,['A'],0
2017-05-10,1597.8125,streamflow,10136600,ft3/s,['A'],0
2017-05-11,1543.2291,streamflow,10136600,ft3/s,['A'],0
2017-05-12,1538.0209,streamflow,10136600,ft3/s,['A'],0
2017-05-13,1646.7709,streamflow,10136600,ft3/s,['A'],0
2017-05-14,1277.1875,streamflow,10136600,ft3/s,['A'],0
2017-05-15,1172.1875,streamflow,10136600,ft3/s,['A'],0
2017-05-16,1261.3541,streamflow,10136600,ft3/s,['A'],0
2017-05-17,1380.5209,streamflow,10136600,ft3/s,['A'],0
2017-05-18,1369.1666,streamflow,10136600,ft3/s,['A'],0
2017-05-19,1187.1875,streamflow,10136600,ft3/s,['A'],0
2017-05-20,909.3542,streamflow,10136600,ft3/s,['A'],0
2017-05-21,790.59375,streamflow,10136600,ft3/s,['A'],0
2017-05-22,718.1667,streamflow,10136600,ft3/s,['A'],0
2017-05-23,709.80206,streamflow,10136600,ft3/s,['A'],0
2017-05-24,676.4583,streamflow,10136600,ft3/s,['A'],0
2017-05-25,767.0,streamflow,10136600,ft3/s,['A'],0
2017-05-26,812.125,streamflow,10136600,ft3/s,['A'],0
2017-05-27,854.125,streamflow,10136600,ft3/s,['A'],0
2017-05-28,809.5833,streamflow,10136600,ft3/s,['A'],0
2017-05-29,813.59375,streamflow,10136600,ft3/s,['A'],0
2017-05-30,832.34375,streamflow,10136600,ft3/s,['A'],0
2017-05-31,795.28125,streamflow,10136600,ft3/s,['A'],0
2017-06-01,1031.2916,streamflow,10136600,ft3/s,['A'],0
2017-06-02,1120.2084,streamflow,10136600,ft3/s,['A'],0
2017-06-03,1133.5416,streamflow,10136600,ft3/s,['A'],0
2017-06-04,1288.4375,streamflow,10136600,ft3/s,['A'],0
2017-06-05,1639.1666,streamflow,10136600,ft3/s,['A'],0
2017-06-06,1725.625,streamflow,10136600,ft3/s,['A'],0
2017-06-07,1677.5,streamflow,10136600,ft3/s,['A'],0
2017-06-08,1705.0,streamflow,10136600,ft3/s,['A'],0
2017-06-09,1501.4584,streamflow,10136600,ft3/s,['A'],0
2017-06-10,1235.2084,streamflow,10136600,ft3/s,['A'],0
2017-06-11,1090.3229,streamflow,10136600,ft3/s,['A'],0
2017-06-12,929.1458,streamflow,10136600,ft3/s,['A'],0
2017-06-13,1035.3854,streamflow,10136600,ft3/s,['A'],0
2017-06-14,1104.0312,streamflow,10136600,ft3/s,['A'],0
2017-06-15,777.21875,streamflow,10136600,ft3/s,['A'],0
2017-06-16,587.05206,streamflow,10136600,ft3/s,['A'],0
2017-06-17,514.80206,streamflow,10136600,ft3/s,['A'],0
2017-06-18,483.78125,streamflow,10136600,ft3/s,['A'],0
2017-06-19,543.5208,streamflow,10136600,ft3/s,['A'],0
2017-06-20,546.34375,streamflow,10136600,ft3/s,['A'],0
2017-06-21,512.80206,streamflow,10136600,ft3/s,['A'],0
2017-06-22,497.33334,streamflow,10136600,ft3/s,['A'],0
2017-06-23,457.89584,streamflow,10136600,ft3/s,['A'],0
2017-06-24,415.5729,streamflow,10136600,ft3/s,['A'],0
2017-06-25,304.11145,streamflow,10136600,ft3/s,['A'],0
2017-06-26,220.5,streamflow,10136600,ft3/s,['A'],0
2017-06-27,201.75,streamflow,10136600,ft3/s,['A'],0
2017-06-28,201.76042,streamflow,10136600,ft3/s,['A'],0
2017-06-29,187.44792,streamflow,10136600,ft3/s,['A'],0
2017-06-30,185.0625,streamflow,10136600,ft3/s,['A'],0
2017-07-01,201.42708,streamflow,10136600,ft3/s,['A'],0
2017-07-02,192.40625,streamflow,10136600,ft3/s,['A'],0
2017-07-03,176.18854,streamflow,10136600,ft3/s,['A'],0
2017-07-04,180.44792,streamflow,10136600,ft3/s,['A'],0
2017-07-05,184.4375,streamflow,10136600,ft3/s,['A'],0
2017-07-06,180.55208,streamflow,10136600,ft3/s,['A'],0
2017-07-07,164.83333,streamflow,10136600,ft3/s,['A'],0
2017-07-08,130.82292,streamflow,10136600,ft3/s,['A'],0
2017-07-09,174.38542,streamflow,10136600,ft3/s,['A'],0
2017-07-10,166.78125,streamflow,10136600,ft3/s,['A'],0
2017-07-11,169.61458,streamflow,10136600,ft3/s,['A'],0
2017-07-12,174.72917,streamflow,10136600,ft3/s,['A'],0
2017-07-13,161.0625,streamflow,10136600,ft3/s,['A'],0
2017-07-14,159.15625,streamflow,10136600,ft3/s,['A'],0
2017-07-15,169.90625,streamflow,10136600,ft3/s,['A'],0
2017-07-16,159.01042,streamflow,10136600,ft3/s,['A'],0
2017-07-17,178.56876,streamflow,10136600,ft3/s,['A'],0
2017-07-18,158.59792,streamflow,10136600,ft3/s,['A'],0
2017-07-19,173.625,streamflow,10136600,ft3/s,['A'],0
2017-07-20,148.53125,streamflow,10136600,ft3/s,['A'],0
2017-07-21,134.84375,streamflow,10136600,ft3/s,['A'],0
2017-07-22,126.8125,streamflow,10136600,ft3/s,['A'],0
2017-07-23,164.80208,streamflow,10136600,ft3/s,['A'],0
2017-07-24,166.84375,streamflow,10136600,ft3/s,['A'],0
2017-07-25,151.8125,streamflow,10136600,ft3/s,['A'],0
2017-07-26,208.57292,streamflow,10136600,ft3/s,['A'],0
2017-07-27,234.8125,streamflow,10136600,ft3/s,['A'],0
2017-07-28,177.59375,streamflow,10136600,ft3/s,['A'],0
2017-07-29,156.35417,streamflow,10136600,ft3/s,['A'],0
2017-07-30,144.64583,streamflow,10136600,ft3/s,['A'],0
2017-07-31,139.17708,streamflow,10136600,ft3/s,['A'],0
2017-08-01,138.90625,streamflow,10136600,ft3/s,['A'],0
2017-08-02,126.84375,streamflow,10136600,ft3/s,['A'],0
2017-08-03,121.885414,streamflow,10136600,ft3/s,['A'],0
2017-08-04,128.29167,streamflow,10136600,ft3/s,['A'],0
2017-08-05,142.80208,streamflow,10136600,ft3/s,['A'],0
2017-08-06,145.11458,streamflow,10136600,ft3/s,['A'],0
2017-08-07,120.395836,streamflow,10136600,ft3/s,['A'],0
2017-08-08,131.13542,streamflow,10136600,ft3/s,['A'],0
2017-08-09,153.1875,streamflow,10136600,ft3/s,['A'],0
2017-08-10,129.74791,streamflow,10136600,ft3/s,['A'],0
2017-08-11,110.275,streamflow,10136600,ft3/s,['A'],0
2017-08-12,127.614586,streamflow,10136600,ft3/s,['A'],0
2017-08-13,133.11458,streamflow,10136600,ft3/s,['A'],0
2017-08-14,135.19376,streamflow,10136600,ft3/s,['A'],0
2017-08-15,125.322914,streamflow,10136600,ft3/s,['A'],0
2017-08-16,147.30208,streamflow,10136600,ft3/s,['A'],0
2017-08-17,122.229164,streamflow,10136600,ft3/s,['A'],0
2017-08-18,112.629166,streamflow,10136600,ft3/s,['A'],0
2017-08-19,111.004166,streamflow,10136600,ft3/s,['A'],0
2017-08-20,116.6875,streamflow,10136600,ft3/s,['A'],0
2017-08-21,117.114586,streamflow,10136600,ft3/s,['A'],0
2017-08-22,113.427086,streamflow,10136600,ft3/s,['A'],0
2017-08-23,122.604164,streamflow,10136600,ft3/s,['A'],0
2017-08-24,126.885414,streamflow,10136600,ft3/s,['A'],0
2017-08-25,110.02396,streamflow,10136600,ft3/s,['A'],0
2017-08-26,99.530205,streamflow,10136600,ft3/s,['A'],0
2017-08-27,116.625,streamflow,10136600,ft3/s,['A'],0
2017-08-28,119.052086,streamflow,10136600,ft3/s,['A'],0
2017-08-29,100.60729,streamflow,10136600,ft3/s,['A'],0
2017-08-30,100.39896,streamflow,10136600,ft3/s,['A'],0
2017-08-31,105.74271,streamflow,10136600,ft3/s,['A'],0
2017-09-01,131.0,streamflow,10136600,ft3/s,['A'],0
2017-09-02,149.17708,streamflow,10136600,ft3/s,['A'],0
2017-09-03,156.23958,streamflow,10136600,ft3/s,['A'],0
2017-09-04,142.22917,streamflow,10136600,ft3/s,['A'],0
2017-09-05,108.71146,streamflow,10136600,ft3/s,['A'],0
2017-09-06,101.69688,streamflow,10136600,ft3/s,['A'],0
2017-09-07,108.552086,streamflow,10136600,ft3/s,['A'],0
2017-09-08,130.27605,streamflow,10136600,ft3/s,['A'],0
2017-09-09,138.39583,streamflow,10136600,ft3/s,['A'],0
2017-09-10,170.60417,streamflow,10136600,ft3/s,['A'],0
2017-09-11,134.27083,streamflow,10136600,ft3/s,['A'],0
2017-09-12,110.48333,streamflow,10136600,ft3/s,['A'],0
2017-09-13,100.97188,streamflow,10136600,ft3/s,['A'],0
2017-09-14,126.458336,streamflow,10136600,ft3/s,['A'],0
2017-09-15,175.86458,streamflow,10136600,ft3/s,['A'],0
2017-09-16,218.41667,streamflow,10136600,ft3/s,['A'],0
2017-09-17,188.83333,streamflow,10136600,ft3/s,['A'],0
2017-09-18,145.64583,streamflow,10136600,ft3/s,['A'],0
2017-09-19,146.41667,streamflow,10136600,ft3/s,['A'],0
2017-09-20,147.01042,streamflow,10136600,ft3/s,['A'],0
2017-09-21,154.79167,streamflow,10136600,ft3/s,['A'],0
2017-09-22,166.09375,streamflow,10136600,ft3/s,['A'],0
2017-09-23,164.16667,streamflow,10136600,ft3/s,['A'],0
2017-09-24,195.27083,streamflow,10136600,ft3/s,['A'],0
2017-09-25,203.85417,streamflow,10136600,ft3/s,['A'],0
2017-09-26,160.89583,streamflow,10136600,ft3/s,['A'],0
2017-09-27,136.875,streamflow,10136600,ft3/s,['A'],0
2017-09-28,126.083336,streamflow,10136600,ft3/s,['A'],0
2017-09-29,112.20208,streamflow,10136600,ft3/s,['A'],0
2017-09-30,110.44375,streamflow,10136600,ft3/s,['A'],0
2017-10-01,134.78125,streamflow,10136600,ft3/s,['A'],0
2017-10-02,141.64792,streamflow,10136600,ft3/s,['A'],0
2017-10-03,150.46875,streamflow,10136600,ft3/s,['A'],0
2017-10-04,143.05208,streamflow,10136600,ft3/s,['A'],0
2017-10-05,125.25,streamflow,10136600,ft3/s,['A'],0
2017-10-06,102.58542,streamflow,10136600,ft3/s,['A'],0
2017-10-07,83.995834,streamflow,10136600,ft3/s,['A'],0
2017-10-08,111.09583,streamflow,10136600,ft3/s,['A'],0
2017-10-09,123.739586,streamflow,10136600,ft3/s,['A'],0
2017-10-10,128.29167,streamflow,10136600,ft3/s,['A'],0
2017-10-11,108.58437,streamflow,10136600,ft3/s,['A'],0
2017-10-12,90.95208,streamflow,10136600,ft3/s,['A'],0
2017-10-13,103.302086,streamflow,10136600,ft3/s,['A'],0
2017-10-14,143.73958,streamflow,10136600,ft3/s,['A'],0
2017-10-15,172.59375,streamflow,10136600,ft3/s,['A'],0
2017-10-16,211.10417,streamflow,10136600,ft3/s,['A'],0
2017-10-17,151.77396,streamflow,10136600,ft3/s,['A'],0
2017-10-18,103.95,streamflow,10136600,ft3/s,['A'],0
2017-10-19,99.45,streamflow,10136600,ft3/s,['A'],0
2017-10-20,81.43958,streamflow,10136600,ft3/s,['A'],0
2017-10-21,88.61354,streamflow,10136600,ft3/s,['A'],0
2017-10-22,97.089584,streamflow,10136600,ft3/s,['A'],0
2017-10-23,93.35521,streamflow,10136600,ft3/s,['A'],0
2017-10-24,73.31771,streamflow,10136600,ft3/s,['A'],0
2017-10-25,73.71146,streamflow,10136600,ft3/s,['A'],0
2017-10-26,81.06563,streamflow,10136600,ft3/s,['A'],0
2017-10-27,81.01979,streamflow,10136600,ft3/s,['A'],0
2017-10-28,79.99062,streamflow,10136600,ft3/s,['A'],0
2017-10-29,81.427086,streamflow,10136600,ft3/s,['A'],0
2017-10-30,82.578125,streamflow,10136600,ft3/s,['A'],0
2017-10-31,78.31875,streamflow,10136600,ft3/s,['A'],0
2017-11-01,74.75833,streamflow,10136600,ft3/s,['A'],0
2017-11-02,71.93021,streamflow,10136600,ft3/s,['A'],0
2017-11-03,74.745834,streamflow,10136600,ft3/s,['A'],0
2017-11-04,71.11875,streamflow,10136600,ft3/s,['A'],0
2017-11-05,77.73229,streamflow,10136600,ft3/s,['A'],0
2017-11-06,77.82916,streamflow,10136600,ft3/s,['A'],0
2017-11-07,83.77396,streamflow,10136600,ft3/s,['A'],0
2017-11-08,82.83854,streamflow,10136600,ft3/s,['A'],0
2017-11-09,76.30937,streamflow,10136600,ft3/s,['A'],0
2017-11-10,74.2125,streamflow,10136600,ft3/s,['A'],0
2017-11-11,72.95937,streamflow,10136600,ft3/s,['A'],0
2017-11-12,67.864586,streamflow,10136600,ft3/s,['A'],0
2017-11-13,69.66146,streamflow,10136600,ft3/s,['A'],0
2017-11-14,72.7125,streamflow,10136600,ft3/s,['A'],0
2017-11-15,76.563545,streamflow,10136600,ft3/s,['A'],0
2017-11-16,66.70729,streamflow,10136600,ft3/s,['A'],0
2017-11-17,139.23438,streamflow,10136600,ft3/s,['A'],0
2017-11-18,149.48958,streamflow,10136600,ft3/s,['A'],0
2017-11-19,107.75938,streamflow,10136600,ft3/s,['A'],0
2017-11-20,73.92292,streamflow,10136600,ft3/s,['A'],0
2017-11-21,98.13958,streamflow,10136600,ft3/s,['A'],0
2017-11-22,86.06563,streamflow,10136600,ft3/s,['A'],0
2017-11-23,97.69479,streamflow,10136600,ft3/s,['A'],0
2017-11-24,91.58437,streamflow,10136600,ft3/s,['A'],0
2017-11-25,87.135414,streamflow,10136600,ft3/s,['A'],0
2017-11-26,83.65312,streamflow,10136600,ft3/s,['A'],0
2017-11-27,76.40938,streamflow,10136600,ft3/s,['A'],0
2017-11-28,62.790627,streamflow,10136600,ft3/s,['A'],0
2017-11-29,67.73333,streamflow,10136600,ft3/s,['A'],0
2017-11-30,69.2125,streamflow,10136600,ft3/s,['A'],0
2017-12-01,76.65625,streamflow,10136600,ft3/s,['A'],0
2017-12-02,70.12604,streamflow,10136600,ft3/s,['A'],0
2017-12-03,70.78229,streamflow,10136600,ft3/s,['A'],0
2017-12-04,75.01771,streamflow,10136600,ft3/s,['A'],0
2017-12-05,73.45104,streamflow,10136600,ft3/s,['A'],0
2017-12-06,65.725,streamflow,10136600,ft3/s,['A'],0
2017-12-07,60.266666,streamflow,10136600,ft3/s,['A'],0
2017-12-08,60.566666,streamflow,10136600,ft3/s,['A'],0
2017-12-09,64.7,streamflow,10136600,ft3/s,['A'],0
2017-12-10,68.23334,streamflow,10136600,ft3/s,['A'],0
2017-12-11,69.1,streamflow,10136600,ft3/s,['A'],0
2017-12-12,70.13333,streamflow,10136600,ft3/s,['A'],0
2017-12-13,70.03333,streamflow,10136600,ft3/s,['A'],0
2017-12-14,62.633335,streamflow,10136600,ft3/s,['A'],0
2017-12-15,59.36667,streamflow,10136600,ft3/s,['A'],0
2017-12-16,65.73334,streamflow,10136600,ft3/s,['A'],0
2017-12-17,76.113335,streamflow,10136600,ft3/s,['A'],0
2017-12-18,69.38958,streamflow,10136600,ft3/s,['A'],0
2017-12-19,61.70729,streamflow,10136600,ft3/s,['A'],0
2017-12-20,54.097916,streamflow,10136600,ft3/s,['A'],0
2017-12-21,56.690624,streamflow,10136600,ft3/s,['A'],0
2017-12-22,62.45778,streamflow,10136600,ft3/s,['A'],0
2017-12-23,62.72,streamflow,10136600,ft3/s,['A'],0
2017-12-24,64.979546,streamflow,10136600,ft3/s,['A'],0
2017-12-25,62.025,streamflow,10136600,ft3/s,['A'],0
2017-12-26,64.18824,streamflow,10136600,ft3/s,['A'],0
2017-12-27,67.01459,streamflow,10136600,ft3/s,['A'],0
2017-12-28,61.797916,streamflow,10136600,ft3/s,['A'],0
2017-12-29,55.275997,streamflow,10136600,ft3/s,['A'],0
2017-12-30,57.9175,streamflow,10136600,ft3/s,['A'],0
2017-12-31,57.10625,streamflow,10136600,ft3/s,['A'],0
2018-01-01,56.15161,streamflow,10136600,ft3/s,['A'],0
2018-01-02,56.066666,streamflow,10136600,ft3/s,['A'],0
2018-01-03,53.9,streamflow,10136600,ft3/s,['A'],0
2018-01-04,58.766666,streamflow,10136600,ft3/s,['A'],0
2018-01-05,54.733334,streamflow,10136600,ft3/s,['A'],0
2018-01-06,52.166664,streamflow,10136600,ft3/s,['A'],0
2018-01-07,56.6,streamflow,10136600,ft3/s,['A'],0
2018-01-08,56.6,streamflow,10136600,ft3/s,['A'],0
2018-01-09,58.217648,streamflow,10136600,ft3/s,['A'],0
2018-01-10,90.39792,streamflow,10136600,ft3/s,['A'],0
2018-01-11,130.90105,streamflow,10136600,ft3/s,['A'],0
2018-01-12,107.308334,streamflow,10136600,ft3/s,['A'],0
2018-01-13,91.520836,streamflow,10136600,ft3/s,['A'],0
2018-01-14,82.04063,streamflow,10136600,ft3/s,['A'],0
2018-01-15,87.36354,streamflow,10136600,ft3/s,['A'],0
2018-01-16,63.20625,streamflow,10136600,ft3/s,['A'],0
2018-01-17,60.11667,streamflow,10136600,ft3/s,['A'],0
2018-01-18,60.916668,streamflow,10136600,ft3/s,['A'],0
2018-01-19,71.09271,streamflow,10136600,ft3/s,['A'],0
2018-01-20,74.177086,streamflow,10136600,ft3/s,['A'],0
2018-01-21,74.7625,streamflow,10136600,ft3/s,['A'],0
2018-01-22,87.46087,streamflow,10136600,ft3/s,['A'],0
2018-01-23,69.84255,streamflow,10136600,ft3/s,['A'],0
2018-01-24,65.28889,streamflow,10136600,ft3/s,['A'],0
2018-01-25,65.725,streamflow,10136600,ft3/s,['A'],0
2018-01-26,63.26979,streamflow,10136600,ft3/s,['A'],0
2018-01-27,73.31875,streamflow,10136600,ft3/s,['A'],0
2018-01-28,65.958336,streamflow,10136600,ft3/s,['A'],0
2018-01-29,64.08854,streamflow,10136600,ft3/s,['A'],0
2018-01-30,57.341667,streamflow,10136600,ft3/s,['A'],0
2018-01-31,70.51771,streamflow,10136600,ft3/s,['A'],0
2018-02-01,79.08437,streamflow,10136600,ft3/s,['A'],0
2018-02-02,77.46146,streamflow,10136600,ft3/s,['A'],0
2018-02-03,83.60104,streamflow,10136600,ft3/s,['A'],0
2018-02-04,108.39687,streamflow,10136600,ft3/s,['A'],0
2018-02-05,116.67604,streamflow,10136600,ft3/s,['A'],0
2018-02-06,115.99271,streamflow,10136600,ft3/s,['A'],0
2018-02-07,98.05,streamflow,10136600,ft3/s,['A'],0
2018-02-08,90.14896,streamflow,10136600,ft3/s,['A'],0
2018-02-09,72.74479,streamflow,10136600,ft3/s,['A'],0
2018-02-10,77.22604,streamflow,10136600,ft3/s,['A'],0
2018-02-11,70.41979,streamflow,10136600,ft3/s,['A'],0
2018-02-12,73.285416,streamflow,10136600,ft3/s,['A'],0
2018-02-13,77.48646,streamflow,10136600,ft3/s,['A'],0
2018-02-14,71.83854,streamflow,10136600,ft3/s,['A'],0
2018-02-15,71.60729,streamflow,10136600,ft3/s,['A'],0
2018-02-16,61.392708,streamflow,10136600,ft3/s,['A'],0
2018-02-17,69.48646,streamflow,10136600,ft3/s,['A'],0
2018-02-18,65.57083,streamflow,10136600,ft3/s,['A'],0
2018-02-19,74.44271,streamflow,10136600,ft3/s,['A'],0
2018-02-20,66.94479,streamflow,10136600,ft3/s,['A'],0
2018-02-21,61.891666,streamflow,10136600,ft3/s,['A'],0
2018-02-22,64.69231,streamflow,10136600,ft3/s,['A'],0
2018-02-23,63.25,streamflow,10136600,ft3/s,['A'],0
2018-02-24,63.4,streamflow,10136600,ft3/s,['A'],0
2018-02-25,58.47222,streamflow,10136600,ft3/s,['A'],0
2018-02-26,65.902084,streamflow,10136600,ft3/s,['A'],0
2018-02-27,60.80417,streamflow,10136600,ft3/s,['A'],0
2018-02-28,60.64375,streamflow,10136600,ft3/s,['A'],0
2018-03-01,58.82396,streamflow,10136600,ft3/s,['A'],0
2018-03-02,60.256252,streamflow,10136600,ft3/s,['A'],0
2018-03-03,62.350002,streamflow,10136600,ft3/s,['A'],0
2018-03-04,63.953125,streamflow,10136600,ft3/s,['A'],0
2018-03-05,61.951042,streamflow,10136600,ft3/s,['A'],0
2018-03-06,60.24896,streamflow,10136600,ft3/s,['A'],0
2018-03-07,60.49836,streamflow,10136600,ft3/s,['A'],0
2018-03-08,54.817013,streamflow,10136600,ft3/s,['A'],0
2018-03-09,63.050346,streamflow,10136600,ft3/s,['A'],0
2018-03-10,67.01354,streamflow,10136600,ft3/s,['A'],0
2018-03-11,74.156944,streamflow,10136600,ft3/s,['A'],0
2018-03-12,74.040276,streamflow,10136600,ft3/s,['A'],0
2018-03-13,77.074646,streamflow,10136600,ft3/s,['A'],0
2018-03-14,78.838196,streamflow,10136600,ft3/s,['A'],0
2018-03-15,207.96494,streamflow,10136600,ft3/s,['A'],0
2018-03-16,186.49306,streamflow,10136600,ft3/s,['A'],0
2018-03-17,149.25,streamflow,10136600,ft3/s,['A'],0
2018-03-18,138.59305,streamflow,10136600,ft3/s,['A'],0
2018-03-19,127.32361,streamflow,10136600,ft3/s,['A'],0
2018-03-20,105.96562,streamflow,10136600,ft3/s,['A'],0
2018-03-21,101.96597,streamflow,10136600,ft3/s,['A'],0
2018-03-22,111.36042,streamflow,10136600,ft3/s,['A'],0
2018-03-23,484.76736,streamflow,10136600,ft3/s,['A'],0
2018-03-24,371.39236,streamflow,10136600,ft3/s,['A'],0
2018-03-25,277.74304,streamflow,10136600,ft3/s,['A'],0
2018-03-26,252.32986,streamflow,10136600,ft3/s,['A'],0
2018-03-27,190.12639,streamflow,10136600,ft3/s,['A'],0
2018-03-28,160.2743,streamflow,10136600,ft3/s,['A'],0
2018-03-29,157.66667,streamflow,10136600,ft3/s,['A'],0
2018-03-30,147.48264,streamflow,10136600,ft3/s,['A'],0
2018-03-31,144.15277,streamflow,10136600,ft3/s,['A'],0
2018-04-01,139.12152,streamflow,10136600,ft3/s,['A'],0
2018-04-02,148.79167,streamflow,10136600,ft3/s,['A'],0
2018-04-03,161.97917,streamflow,10136600,ft3/s,['A'],0
2018-04-04,161.42361,streamflow,10136600,ft3/s,['A'],0
2018-04-05,134.93402,streamflow,10136600,ft3/s,['A'],0
2018-04-06,134.1007,streamflow,10136600,ft3/s,['A'],0
2018-04-07,195.42014,streamflow,10136600,ft3/s,['A'],0
2018-04-08,322.03473,streamflow,10136600,ft3/s,['A'],0
2018-04-09,274.92188,streamflow,10136600,ft3/s,['A'],0
2018-04-10,234.37152,streamflow,10136600,ft3/s,['A'],0
2018-04-11,204.65973,streamflow,10136600,ft3/s,['A'],0
2018-04-12,255.01736,streamflow,10136600,ft3/s,['A'],0
2018-04-13,257.5104,streamflow,10136600,ft3/s,['A'],0
2018-04-14,218.60764,streamflow,10136600,ft3/s,['A'],0
2018-04-15,203.73611,streamflow,10136600,ft3/s,['A'],0
2018-04-16,186.6493,streamflow,10136600,ft3/s,['A'],0
2018-04-17,181.03125,streamflow,10136600,ft3/s,['A'],0
2018-04-18,169.44792,streamflow,10136600,ft3/s,['A'],0
2018-04-19,154.5243,streamflow,10136600,ft3/s,['A'],0
2018-04-20,150.76389,streamflow,10136600,ft3/s,['A'],0
2018-04-21,140.48611,streamflow,10136600,ft3/s,['A'],0
2018-04-22,167.50694,streamflow,10136600,ft3/s,['A'],0
2018-04-23,207.95486,streamflow,10136600,ft3/s,['A'],0
2018-04-24,226.01389,streamflow,10136600,ft3/s,['A'],0
2018-04-25,184.39236,streamflow,10136600,ft3/s,['A'],0
2018-04-26,148.16667,streamflow,10136600,ft3/s,['A'],0
2018-04-27,119.74792,streamflow,10136600,ft3/s,['A'],0
2018-04-28,108.92465,streamflow,10136600,ft3/s,['A'],0
2018-04-29,168.72673,streamflow,10136600,ft3/s,['A'],0
2018-04-30,168.4375,streamflow,10136600,ft3/s,['A'],0
2018-05-01,215.15625,streamflow,10136600,ft3/s,['A'],0
2018-05-02,184.44792,streamflow,10136600,ft3/s,['A'],0
2018-05-03,145.07639,streamflow,10136600,ft3/s,['A'],0
2018-05-04,123.68576,streamflow,10136600,ft3/s,['A'],0
2018-05-05,90.80521,streamflow,10136600,ft3/s,['A'],0
2018-05-06,88.46597,streamflow,10136600,ft3/s,['A'],0
2018-05-07,94.55,streamflow,10136600,ft3/s,['A'],0
2018-05-08,105.57917,streamflow,10136600,ft3/s,['A'],0
2018-05-09,101.26875,streamflow,10136600,ft3/s,['A'],0
2018-05-10,114.01632,streamflow,10136600,ft3/s,['A'],0
2018-05-11,153.94444,streamflow,10136600,ft3/s,['A'],0
2018-05-12,198.89027,streamflow,10136600,ft3/s,['A'],0
2018-05-13,194.59375,streamflow,10136600,ft3/s,['A'],0
2018-05-14,182.24652,streamflow,10136600,ft3/s,['A'],0
2018-05-15,159.82986,streamflow,10136600,ft3/s,['A'],0
2018-05-16,121.15451,streamflow,10136600,ft3/s,['A'],0
2018-05-17,93.53333,streamflow,10136600,ft3/s,['A'],0
2018-05-18,88.60139,streamflow,10136600,ft3/s,['A'],0
2018-05-19,100.1993,streamflow,10136600,ft3/s,['A'],0
2018-05-20,66.061806,streamflow,10136600,ft3/s,['A'],0
2018-05-21,118.696526,streamflow,10136600,ft3/s,['A'],0
2018-05-22,131.71527,streamflow,10136600,ft3/s,['A'],0
2018-05-23,155.96527,streamflow,10136600,ft3/s,['A'],0
2018-05-24,135.8368,streamflow,10136600,ft3/s,['A'],0
2018-05-25,101.15972,streamflow,10136600,ft3/s,['A'],0
2018-05-26,109.54097,streamflow,10136600,ft3/s,['A'],0
2018-05-27,126.15938,streamflow,10136600,ft3/s,['A'],0
2018-05-28,134.26389,streamflow,10136600,ft3/s,['A'],0
2018-05-29,193.0382,streamflow,10136600,ft3/s,['A'],0
2018-05-30,162.51389,streamflow,10136600,ft3/s,['A'],0
2018-05-31,96.97361,streamflow,10136600,ft3/s,['A'],0
2018-06-01,121.267365,streamflow,10136600,ft3/s,['A'],0
2018-06-02,108.254166,streamflow,10136600,ft3/s,['A'],0
2018-06-03,101.55798,streamflow,10136600,ft3/s,['A'],0
2018-06-04,101.64965,streamflow,10136600,ft3/s,['A'],0
2018-06-05,110.513885,streamflow,10136600,ft3/s,['A'],0
2018-06-06,110.7809,streamflow,10136600,ft3/s,['A'],0
2018-06-07,109.66597,streamflow,10136600,ft3/s,['A'],0
2018-06-08,99.31597,streamflow,10136600,ft3/s,['A'],0
2018-06-09,139.45833,streamflow,10136600,ft3/s,['A'],0
2018-06-10,129.16667,streamflow,10136600,ft3/s,['A'],0
2018-06-11,137.4618,streamflow,10136600,ft3/s,['A'],0
2018-06-12,121.71632,streamflow,10136600,ft3/s,['A'],0
2018-06-13,140.875,streamflow,10136600,ft3/s,['A'],0
2018-06-14,113.00174,streamflow,10136600,ft3/s,['A'],0
2018-06-15,93.52153,streamflow,10136600,ft3/s,['A'],0
2018-06-16,111.09549,streamflow,10136600,ft3/s,['A'],0
2018-06-17,129.34862,streamflow,10136600,ft3/s,['A'],0
2018-06-18,133.35417,streamflow,10136600,ft3/s,['A'],0
2018-06-19,132.94202,streamflow,10136600,ft3/s,['A'],0
2018-06-20,87.74792,streamflow,10136600,ft3/s,['A'],0
2018-06-21,108.093056,streamflow,10136600,ft3/s,['A'],0
2018-06-22,122.30903,streamflow,10136600,ft3/s,['A'],0
2018-06-23,117.18056,streamflow,10136600,ft3/s,['A'],0
2018-06-24,130.27777,streamflow,10136600,ft3/s,['A'],0
2018-06-25,151.23611,streamflow,10136600,ft3/s,['A'],0
2018-06-26,101.63333,streamflow,10136600,ft3/s,['A'],0
2018-06-27,100.10208,streamflow,10136600,ft3/s,['A'],0
2018-06-28,105.26354,streamflow,10136600,ft3/s,['A'],0
2018-06-29,134.42014,streamflow,10136600,ft3/s,['A'],0
2018-06-30,153.33333,streamflow,10136600,ft3/s,['A'],0
2018-07-01,154.02188,streamflow,10136600,ft3/s,['A'],0
2018-07-02,156.10417,streamflow,10136600,ft3/s,['A'],0
2018-07-03,150.73611,streamflow,10136600,ft3/s,['A'],0
2018-07-04,128.09723,streamflow,10136600,ft3/s,['A'],0
2018-07-05,122.138885,streamflow,10136600,ft3/s,['A'],0
2018-07-06,110.86076,streamflow,10136600,ft3/s,['A'],0
2018-07-07,99.51285,streamflow,10136600,ft3/s,['A'],0
2018-07-08,111.51945,streamflow,10136600,ft3/s,['A'],0
2018-07-09,138.31598,streamflow,10136600,ft3/s,['A'],0
2018-07-10,132.31389,streamflow,10136600,ft3/s,['A'],0
2018-07-11,131.17084,streamflow,10136600,ft3/s,['A'],0
2018-07-12,148.56598,streamflow,10136600,ft3/s,['A'],0
2018-07-13,172.63368,streamflow,10136600,ft3/s,['A'],0
2018-07-14,143.07986,streamflow,10136600,ft3/s,['A'],0
2018-07-15,136.13403,streamflow,10136600,ft3/s,['A'],0
2018-07-16,131.10556,streamflow,10136600,ft3/s,['A'],0
2018-07-17,129.4132,streamflow,10136600,ft3/s,['A'],0
2018-07-18,132.45174,streamflow,10136600,ft3/s,['A'],0
2018-07-19,116.26667,streamflow,10136600,ft3/s,['A'],0
2018-07-20,116.14132,streamflow,10136600,ft3/s,['A'],0
2018-07-21,114.40278,streamflow,10136600,ft3/s,['A'],0
2018-07-22,136.86354,streamflow,10136600,ft3/s,['A'],0
2018-07-23,170.37152,streamflow,10136600,ft3/s,['A'],0
2018-07-24,130.61806,streamflow,10136600,ft3/s,['A'],0
2018-07-25,114.86562,streamflow,10136600,ft3/s,['A'],0
2018-07-26,96.27187,streamflow,10136600,ft3/s,['A'],0
2018-07-27,98.782295,streamflow,10136600,ft3/s,['A'],0
2018-07-28,121.43924,streamflow,10136600,ft3/s,['A'],0
2018-07-29,107.38611,streamflow,10136600,ft3/s,['A'],0
2018-07-30,121.23299,streamflow,10136600,ft3/s,['A'],0
2018-07-31,97.03611,streamflow,10136600,ft3/s,['A'],0
2018-08-01,112.4125,streamflow,10136600,ft3/s,['A'],0
2018-08-02,102.754166,streamflow,10136600,ft3/s,['A'],0
2018-08-03,130.8368,streamflow,10136600,ft3/s,['A'],0
2018-08-04,134.3993,streamflow,10136600,ft3/s,['A'],0
2018-08-05,146.54861,streamflow,10136600,ft3/s,['A'],0
2018-08-06,127.25,streamflow,10136600,ft3/s,['A'],0
2018-08-07,109.30278,streamflow,10136600,ft3/s,['A'],0
2018-08-08,104.864586,streamflow,10136600,ft3/s,['A'],0
2018-08-09,88.74514,streamflow,10136600,ft3/s,['A'],0
2018-08-10,100.89375,streamflow,10136600,ft3/s,['A'],0
2018-08-11,112.03472,streamflow,10136600,ft3/s,['A'],0
2018-08-12,121.650696,streamflow,10136600,ft3/s,['A'],0
2018-08-13,117.97327,streamflow,10136600,ft3/s,['A'],0
2018-08-14,89.135765,streamflow,10136600,ft3/s,['A'],0
2018-08-15,98.06875,streamflow,10136600,ft3/s,['A'],0
2018-08-16,94.28785,streamflow,10136600,ft3/s,['A'],0
2018-08-17,93.8625,streamflow,10136600,ft3/s,['A'],0
2018-08-18,117.48646,streamflow,10136600,ft3/s,['A'],0
2018-08-19,194.71527,streamflow,10136600,ft3/s,['A'],0
2018-08-20,126.12153,streamflow,10136600,ft3/s,['A'],0
2018-08-21,125.388885,streamflow,10136600,ft3/s,['A'],0
2018-08-22,122.4684,streamflow,10136600,ft3/s,['A'],0
2018-08-23,250.51042,streamflow,10136600,ft3/s,['A'],0
2018-08-24,205.14583,streamflow,10136600,ft3/s,['A'],0
2018-08-25,169.79514,streamflow,10136600,ft3/s,['A'],0
2018-08-26,151.12848,streamflow,10136600,ft3/s,['A'],0
2018-08-27,118.11181,streamflow,10136600,ft3/s,['A'],0
2018-08-28,128.15486,streamflow,10136600,ft3/s,['A'],0
2018-08-29,112.97361,streamflow,10136600,ft3/s,['A'],0
2018-08-30,102.395836,streamflow,10136600,ft3/s,['A'],0
2018-08-31,109.833336,streamflow,10136600,ft3/s,['A'],0
2018-09-01,95.89479,streamflow,10136600,ft3/s,['A'],0
2018-09-02,92.02604,streamflow,10136600,ft3/s,['A'],0
2018-09-03,117.92986,streamflow,10136600,ft3/s,['A'],0
2018-09-04,99.380905,streamflow,10136600,ft3/s,['A'],0
2018-09-05,69.82222,streamflow,10136600,ft3/s,['A'],0
2018-09-06,85.86701,streamflow,10136600,ft3/s,['A'],0
2018-09-07,108.74062,streamflow,10136600,ft3/s,['A'],0
2018-09-08,106.619446,streamflow,10136600,ft3/s,['A'],0
2018-09-09,118.281944,streamflow,10136600,ft3/s,['A'],0
2018-09-10,143.93854,streamflow,10136600,ft3/s,['A'],0
2018-09-11,102.48815,streamflow,10136600,ft3/s,['A'],0
2018-09-12,90.9607,streamflow,10136600,ft3/s,['A'],0
2018-09-13,91.91736,streamflow,10136600,ft3/s,['A'],0
2018-09-14,101.093056,streamflow,10136600,ft3/s,['A'],0
2018-09-15,101.145485,streamflow,10136600,ft3/s,['A'],0
2018-09-16,85.31528,streamflow,10136600,ft3/s,['A'],0
2018-09-17,81.9559,streamflow,10136600,ft3/s,['A'],0
2018-09-18,73.57361,streamflow,10136600,ft3/s,['A'],0
2018-09-19,72.75452,streamflow,10136600,ft3/s,['A'],0
2018-09-20,70.37118,streamflow,10136600,ft3/s,['A'],0
2018-09-21,92.124306,streamflow,10136600,ft3/s,['A'],0
2018-09-22,120.70416,streamflow,10136600,ft3/s,['A'],0
2018-09-23,106.8007,streamflow,10136600,ft3/s,['A'],0
2018-09-24,83.12639,streamflow,10136600,ft3/s,['A'],0
2018-09-25,75.01806,streamflow,10136600,ft3/s,['A'],0
2018-09-26,72.10903,streamflow,10136600,ft3/s,['A'],0
2018-09-27,61.120487,streamflow,10136600,ft3/s,['A'],0
2018-09-28,68.02361,streamflow,10136600,ft3/s,['A'],0
2018-09-29,60.884827,streamflow,10136600,ft3/s,['A'],0
2018-09-30,74.0675,streamflow,10136600,ft3/s,['A'],0
2018-10-01,180.21736,streamflow,10136600,ft3/s,['A'],0
2018-10-02,159.82257,streamflow,10136600,ft3/s,['A'],0
2018-10-03,118.53924,streamflow,10136600,ft3/s,['A'],0
2018-10-04,120.92778,streamflow,10136600,ft3/s,['A'],0
2018-10-05,131.50937,streamflow,10136600,ft3/s,['A'],0
2018-10-06,122.140625,streamflow,10136600,ft3/s,['A'],0
2018-10-07,106.98542,streamflow,10136600,ft3/s,['A'],0
2018-10-08,96.25278,streamflow,10136600,ft3/s,['A'],0
2018-10-09,90.099304,streamflow,10136600,ft3/s,['A'],0
2018-10-10,109.18576,streamflow,10136600,ft3/s,['A'],0
2018-10-11,119.00694,streamflow,10136600,ft3/s,['A'],0
2018-10-12,104.43958,streamflow,10136600,ft3/s,['A'],0
2018-10-13,97.55139,streamflow,10136600,ft3/s,['A'],0
2018-10-14,90.96667,streamflow,10136600,ft3/s,['A'],0
2018-10-15,83.72222,streamflow,10136600,ft3/s,['A'],0
2018-10-16,84.875694,streamflow,10136600,ft3/s,['A'],0
2018-10-17,82.73403,streamflow,10136600,ft3/s,['A'],0
2018-10-18,78.37882,streamflow,10136600,ft3/s,['A'],0
2018-10-19,80.07569,streamflow,10136600,ft3/s,['A'],0
2018-10-20,75.99722,streamflow,10136600,ft3/s,['A'],0
2018-10-21,72.10694,streamflow,10136600,ft3/s,['A'],0
2018-10-22,69.43924,streamflow,10136600,ft3/s,['A'],0
2018-10-23,69.01632,streamflow,10136600,ft3/s,['A'],0
2018-10-24,69.72708,streamflow,10136600,ft3/s,['A'],0
2018-10-25,71.79618,streamflow,10136600,ft3/s,['A'],0
2018-10-26,63.74757,streamflow,10136600,ft3/s,['A'],0
2018-10-27,60.360416,streamflow,10136600,ft3/s,['A'],0
2018-10-28,55.46389,streamflow,10136600,ft3/s,['A'],0
2018-10-29,54.307987,streamflow,10136600,ft3/s,['A'],0
2018-10-30,47.065277,streamflow,10136600,ft3/s,['A'],0
2018-10-31,47.265972,streamflow,10136600,ft3/s,['A'],0
2018-11-01,56.40486,streamflow,10136600,ft3/s,['A'],0
2018-11-02,57.314236,streamflow,10136600,ft3/s,['A'],0
2018-11-03,52.318054,streamflow,10136600,ft3/s,['A'],0
2018-11-04,48.14965,streamflow,10136600,ft3/s,['A'],0
2018-11-05,53.755554,streamflow,10136600,ft3/s,['A'],0
2018-11-06,52.161804,streamflow,10136600,ft3/s,['A'],0
2018-11-07,45.643055,streamflow,10136600,ft3/s,['A'],0
2018-11-08,47.240276,streamflow,10136600,ft3/s,['A'],0
2018-11-09,58.209026,streamflow,10136600,ft3/s,['A'],0
2018-11-10,52.209373,streamflow,10136600,ft3/s,['A'],0
2018-11-11,59.68264,streamflow,10136600,ft3/s,['A'],0
2018-11-12,62.42917,streamflow,10136600,ft3/s,['A'],0
2018-11-13,63.273262,streamflow,10136600,ft3/s,['A'],0
2018-11-14,58.511806,streamflow,10136600,ft3/s,['A'],0
2018-11-15,52.056595,streamflow,10136600,ft3/s,['A'],0
2018-11-16,70.90173,streamflow,10136600,ft3/s,['A'],0
2018-11-17,62.8316,streamflow,10136600,ft3/s,['A'],0
2018-11-18,60.33125,streamflow,10136600,ft3/s,['A'],0
2018-11-19,51.461666,streamflow,10136600,ft3/s,['A'],0
2018-11-20,44.37375,streamflow,10136600,ft3/s,['A'],0
2018-11-21,46.402,streamflow,10136600,ft3/s,['A'],0
2018-11-22,50.12604,streamflow,10136600,ft3/s,['A'],0
2018-11-23,53.121876,streamflow,10136600,ft3/s,['A'],0
2018-11-24,75.34861,streamflow,10136600,ft3/s,['A'],0
2018-11-25,91.11042,streamflow,10136600,ft3/s,['A'],0
2018-11-26,58.65684,streamflow,10136600,ft3/s,['A'],0
2018-11-27,52.531597,streamflow,10136600,ft3/s,['A'],0
2018-11-28,57.296875,streamflow,10136600,ft3/s,['A'],0
2018-11-29,67.365974,streamflow,10136600,ft3/s,['A'],0
2018-11-30,73.313194,streamflow,10136600,ft3/s,['A'],0
2018-12-01,79.1132,streamflow,10136600,ft3/s,['A'],0
2018-12-02,70.05278,streamflow,10136600,ft3/s,['A'],0
2018-12-03,73.36875,streamflow,10136600,ft3/s,['A'],0
2018-12-04,59.369793,streamflow,10136600,ft3/s,['A'],0
2018-12-05,51.166668,streamflow,10136600,ft3/s,['A'],0
2018-12-06,57.13333,streamflow,10136600,ft3/s,['A'],0
2018-12-07,61.321335,streamflow,10136600,ft3/s,['A'],0
2018-12-08,55.13125,streamflow,10136600,ft3/s,['A'],0
2018-12-09,54.16354,streamflow,10136600,ft3/s,['A'],0
2018-12-10,55.38993,streamflow,10136600,ft3/s,['A'],0
2018-12-11,53.531944,streamflow,10136600,ft3/s,['A'],0
2018-12-12,53.838886,streamflow,10136600,ft3/s,['A'],0
2018-12-13,51.695198,streamflow,10136600,ft3/s,['A'],0
2018-12-14,43.466667,streamflow,10136600,ft3/s,['A'],0
2018-12-15,49.466667,streamflow,10136600,ft3/s,['A'],0
2018-12-16,54.25,streamflow,10136600,ft3/s,['A'],0
2018-12-17,54.135063,streamflow,10136600,ft3/s,['A'],0
2018-12-18,52.022915,streamflow,10136600,ft3/s,['A'],0
2018-12-19,49.900692,streamflow,10136600,ft3/s,['A'],0
2018-12-20,50.062153,streamflow,10136600,ft3/s,['A'],0
2018-12-21,50.433334,streamflow,10136600,ft3/s,['A'],0
2018-12-22,54.357986,streamflow,10136600,ft3/s,['A'],0
2018-12-23,53.507843,streamflow,10136600,ft3/s,['A'],0
2018-12-24,51.41215,streamflow,10136600,ft3/s,['A'],0
2018-12-25,54.983334,streamflow,10136600,ft3/s,['A'],0
2018-12-26,54.56632,streamflow,10136600,ft3/s,['A'],0
2018-12-27,56.026043,streamflow,10136600,ft3/s,['A'],0
2018-12-28,51.62371,streamflow,10136600,ft3/s,['A'],0
2018-12-29,42.766666,streamflow,10136600,ft3/s,['A'],0
2018-12-30,46.783333,streamflow,10136600,ft3/s,['A'],0
2018-12-31,44.88333,streamflow,10136600,ft3/s,['A'],0
2019-01-01,35.6,streamflow,10136600,ft3/s,['A'],0
2019-01-02,22.95,streamflow,10136600,ft3/s,['A'],0
2019-01-03,21.466667,streamflow,10136600,ft3/s,['A'],0
2019-01-04,20.916666,streamflow,10136600,ft3/s,['A'],0
2019-01-05,28.783333,streamflow,10136600,ft3/s,['A'],0
2019-01-06,56.36667,streamflow,10136600,ft3/s,['A'],0
2019-01-07,52.583332,streamflow,10136600,ft3/s,['A'],0
2019-01-08,51.983334,streamflow,10136600,ft3/s,['A'],0
2019-01-09,49.333332,streamflow,10136600,ft3/s,['A'],0
2019-01-10,48.316666,streamflow,10136600,ft3/s,['A'],0
2019-01-11,47.621647,streamflow,10136600,ft3/s,['A'],0
2019-01-12,49.145832,streamflow,10136600,ft3/s,['A'],0
2019-01-13,48.3152,streamflow,10136600,ft3/s,['A'],0
2019-01-14,40.300003,streamflow,10136600,ft3/s,['A'],0
2019-01-15,43.550003,streamflow,10136600,ft3/s,['A'],0
2019-01-16,50.95,streamflow,10136600,ft3/s,['A'],0
2019-01-17,71.987656,streamflow,10136600,ft3/s,['A'],0
2019-01-18,66.772224,streamflow,10136600,ft3/s,['A'],0
2019-01-19,61.48889,streamflow,10136600,ft3/s,['A'],0
2019-01-20,60.29375,streamflow,10136600,ft3/s,['A'],0
2019-01-21,57.13368,streamflow,10136600,ft3/s,['A'],0
2019-01-22,56.374306,streamflow,10136600,ft3/s,['A'],0
2019-01-23,54.799168,streamflow,10136600,ft3/s,['A'],0
2019-01-24,53.067757,streamflow,10136600,ft3/s,['A'],0
2019-01-25,55.021873,streamflow,10136600,ft3/s,['A'],0
2019-01-26,52.929165,streamflow,10136600,ft3/s,['A'],0
2019-01-27,51.36007,streamflow,10136600,ft3/s,['A'],0
2019-01-28,50.69097,streamflow,10136600,ft3/s,['A'],0
2019-01-29,49.931217,streamflow,10136600,ft3/s,['A'],0
2019-01-30,49.912,streamflow,10136600,ft3/s,['A'],0
2019-01-31,46.715,streamflow,10136600,ft3/s,['A'],0
2019-02-01,40.368183,streamflow,10136600,ft3/s,['A'],0
2019-02-02,48.23629,streamflow,10136600,ft3/s,['A'],0
2019-02-03,58.575695,streamflow,10136600,ft3/s,['A'],0
2019-02-04,76.90417,streamflow,10136600,ft3/s,['A'],0
2019-02-05,95.14201,streamflow,10136600,ft3/s,['A'],0
2019-02-06,87.042015,streamflow,10136600,ft3/s,['A'],0
2019-02-07,77.4566,streamflow,10136600,ft3/s,['A'],0
2019-02-08,74.00896,streamflow,10136600,ft3/s,['A'],0
2019-02-09,66.78333,streamflow,10136600,ft3/s,['A'],0
2019-02-10,67.78333,streamflow,10136600,ft3/s,['A'],0
2019-02-11,62.983334,streamflow,10136600,ft3/s,['A'],0
2019-02-12,57.7,streamflow,10136600,ft3/s,['A'],0
2019-02-13,61.00741,streamflow,10136600,ft3/s,['A'],0
2019-02-14,74.369095,streamflow,10136600,ft3/s,['A'],0
2019-02-15,102.2309,streamflow,10136600,ft3/s,['A'],0
2019-02-16,163.6875,streamflow,10136600,ft3/s,['A'],0
2019-02-17,136.2882,streamflow,10136600,ft3/s,['A'],0
2019-02-18,111.1875,streamflow,10136600,ft3/s,['A'],0
2019-02-19,98.09375,streamflow,10136600,ft3/s,['A'],0
2019-02-20,90.035416,streamflow,10136600,ft3/s,['A'],0
2019-02-21,85.72118,streamflow,10136600,ft3/s,['A'],0
2019-02-22,77.39132,streamflow,10136600,ft3/s,['A'],0
2019-02-23,83.01979,streamflow,10136600,ft3/s,['A'],0
2019-02-24,72.98021,streamflow,10136600,ft3/s,['A'],0
2019-02-25,73.21701,streamflow,10136600,ft3/s,['A'],0
2019-02-26,67.66632,streamflow,10136600,ft3/s,['A'],0
2019-02-27,78.240974,streamflow,10136600,ft3/s,['A'],0
2019-02-28,100.49722,streamflow,10136600,ft3/s,['A'],0
2019-03-01,118.18056,streamflow,10136600,ft3/s,['A'],0
2019-03-02,137.86111,streamflow,10136600,ft3/s,['A'],0
2019-03-03,129.98264,streamflow,10136600,ft3/s,['A'],0
2019-03-04,114.361115,streamflow,10136600,ft3/s,['A'],0
2019-03-05,104.802086,streamflow,10136600,ft3/s,['A'],0
2019-03-06,102.954865,streamflow,10136600,ft3/s,['A'],0
2019-03-07,274.99304,streamflow,10136600,ft3/s,['A'],0
2019-03-08,409.7639,streamflow,10136600,ft3/s,['A'],0
2019-03-09,273.62848,streamflow,10136600,ft3/s,['A'],0
2019-03-10,208.10764,streamflow,10136600,ft3/s,['A'],0
2019-03-11,175.79514,streamflow,10136600,ft3/s,['A'],0
2019-03-12,169.67014,streamflow,10136600,ft3/s,['A'],0
2019-03-13,161.3993,streamflow,10136600,ft3/s,['A'],0
2019-03-14,157.29514,streamflow,10136600,ft3/s,['A'],0
2019-03-15,144.91667,streamflow,10136600,ft3/s,['A'],0
2019-03-16,143.79167,streamflow,10136600,ft3/s,['A'],0
2019-03-17,143.74306,streamflow,10136600,ft3/s,['A'],0
2019-03-18,167.05902,streamflow,10136600,ft3/s,['A'],0
2019-03-19,178.53125,streamflow,10136600,ft3/s,['A'],0
2019-03-20,250.11458,streamflow,10136600,ft3/s,['A'],0
2019-03-21,199.76772,streamflow,10136600,ft3/s,['A'],0
2019-03-22,189.73611,streamflow,10136600,ft3/s,['A'],0
2019-03-23,219.73958,streamflow,10136600,ft3/s,['A'],0
2019-03-24,410.7986,streamflow,10136600,ft3/s,['A'],0
2019-03-25,422.28473,streamflow,10136600,ft3/s,['A'],0
2019-03-26,361.6783,streamflow,10136600,ft3/s,['A'],0
2019-03-27,404.00348,streamflow,10136600,ft3/s,['A'],0
2019-03-28,476.16666,streamflow,10136600,ft3/s,['A'],0
2019-03-29,639.55206,streamflow,10136600,ft3/s,['A'],0
2019-03-30,498.89236,streamflow,10136600,ft3/s,['A'],0
2019-03-31,442.03125,streamflow,10136600,ft3/s,['A'],0
2019-04-01,390.03473,streamflow,10136600,ft3/s,['A'],0
2019-04-02,413.0486,streamflow,10136600,ft3/s,['A'],0
2019-04-03,663.1285,streamflow,10136600,ft3/s,['A'],0
2019-04-04,697.48267,streamflow,10136600,ft3/s,['A'],0
2019-04-05,710.2986,streamflow,10136600,ft3/s,['A'],0
2019-04-06,812.9514,streamflow,10136600,ft3/s,['A'],0
2019-04-07,820.09375,streamflow,10136600,ft3/s,['A'],0
2019-04-08,735.49304,streamflow,10136600,ft3/s,['A'],0
2019-04-09,879.43054,streamflow,10136600,ft3/s,['A'],0
2019-04-10,985.7465,streamflow,10136600,ft3/s,['A'],0
2019-04-11,778.0868,streamflow,10136600,ft3/s,['A'],0
2019-04-12,693.2153,streamflow,10136600,ft3/s,['A'],0
2019-04-13,613.5833,streamflow,10136600,ft3/s,['A'],0
2019-04-14,537.2465,streamflow,10136600,ft3/s,['A'],0
2019-04-15,1171.7118,streamflow,10136600,ft3/s,['A'],0
2019-04-16,1594.7916,streamflow,10136600,ft3/s,['A'],0
2019-04-17,1338.5764,streamflow,10136600,ft3/s,['A'],0
2019-04-18,1140.243,streamflow,10136600,ft3/s,['A'],0
2019-04-19,1149.3403,streamflow,10136600,ft3/s,['A'],0
2019-04-20,1443.8889,streamflow,10136600,ft3/s,['A'],0
2019-04-21,1620.6597,streamflow,10136600,ft3/s,['A'],0
2019-04-22,1630.868,streamflow,10136600,ft3/s,['A'],0
2019-04-23,1644.2014,streamflow,10136600,ft3/s,['A'],0
2019-04-24,1665.1389,streamflow,10136600,ft3/s,['A'],0
2019-04-25,1584.132,streamflow,10136600,ft3/s,['A'],0
2019-04-26,1591.7361,streamflow,10136600,ft3/s,['A'],0
2019-04-27,1668.5764,streamflow,10136600,ft3/s,['A'],0
2019-04-28,1591.0416,streamflow,10136600,ft3/s,['A'],0
2019-04-29,1614.9305,streamflow,10136600,ft3/s,['A'],0
2019-04-30,1601.9097,streamflow,10136600,ft3/s,['A'],0
2019-05-01,1268.75,streamflow,10136600,ft3/s,['A'],0
2019-05-02,1145.0695,streamflow,10136600,ft3/s,['A'],0
2019-05-03,1109.2709,streamflow,10136600,ft3/s,['A'],0
2019-05-04,1063.8298,streamflow,10136600,ft3/s,['A'],0
2019-05-05,1103.2291,streamflow,10136600,ft3/s,['A'],0
2019-05-06,1133.5416,streamflow,10136600,ft3/s,['A'],0
2019-05-07,1210.3472,streamflow,10136600,ft3/s,['A'],0
2019-05-08,1180.9028,streamflow,10136600,ft3/s,['A'],0
2019-05-09,1135.4166,streamflow,10136600,ft3/s,['A'],0
2019-05-10,1090.7639,streamflow,10136600,ft3/s,['A'],0
2019-05-11,1063.8577,streamflow,10136600,ft3/s,['A'],0
2019-05-12,1073.4236,streamflow,10136600,ft3/s,['A'],0
2019-05-13,1112.2916,streamflow,10136600,ft3/s,['A'],0
2019-05-14,1118.6111,streamflow,10136600,ft3/s,['A'],0
2019-05-15,1131.493,streamflow,10136600,ft3/s,['A'],0
2019-05-16,1142.2916,streamflow,10136600,ft3/s,['A'],0
2019-05-17,1527.9166,streamflow,10136600,ft3/s,['A'],0
2019-05-18,1514.6875,streamflow,10136600,ft3/s,['A'],0
2019-05-19,1177.3611,streamflow,10136600,ft3/s,['A'],0
2019-05-20,1108.382,streamflow,10136600,ft3/s,['A'],0
2019-05-21,1069.5659,streamflow,10136600,ft3/s,['A'],0
2019-05-22,1050.6805,streamflow,10136600,ft3/s,['A'],0
2019-05-23,1000.75696,streamflow,10136600,ft3/s,['A'],0
2019-05-24,1025.8577,streamflow,10136600,ft3/s,['A'],0
2019-05-25,1014.15625,streamflow,10136600,ft3/s,['A'],0
2019-05-26,988.2847,streamflow,10136600,ft3/s,['A'],0
2019-05-27,959.2986,streamflow,10136600,ft3/s,['A'],0
2019-05-28,955.0,streamflow,10136600,ft3/s,['A'],0
2019-05-29,900.51733,streamflow,10136600,ft3/s,['A'],0
2019-05-30,824.59375,streamflow,10136600,ft3/s,['A'],0
2019-05-31,865.9792,streamflow,10136600,ft3/s,['A'],0
2019-06-01,909.0139,streamflow,10136600,ft3/s,['A'],0
2019-06-02,976.5833,streamflow,10136600,ft3/s,['A'],0
2019-06-03,1024.8021,streamflow,10136600,ft3/s,['A'],0
2019-06-04,974.2743,streamflow,10136600,ft3/s,['A'],0
2019-06-05,912.54517,streamflow,10136600,ft3/s,['A'],0
2019-06-06,828.0243,streamflow,10136600,ft3/s,['A'],0
2019-06-07,827.9132,streamflow,10136600,ft3/s,['A'],0
2019-06-08,873.1875,streamflow,10136600,ft3/s,['A'],0
2019-06-09,1050.8195,streamflow,10136600,ft3/s,['A'],0
2019-06-10,1066.9966,streamflow,10136600,ft3/s,['A'],0
2019-06-11,1166.9097,streamflow,10136600,ft3/s,['A'],0
2019-06-12,1282.7084,streamflow,10136600,ft3/s,['A'],0
2019-06-13,1189.1216,streamflow,10136600,ft3/s,['A'],0
2019-06-14,1217.6736,streamflow,10136600,ft3/s,['A'],0
2019-06-15,1355.7291,streamflow,10136600,ft3/s,['A'],0
2019-06-16,1438.7153,streamflow,10136600,ft3/s,['A'],0
2019-06-17,1165.4514,streamflow,10136600,ft3/s,['A'],0
2019-06-18,1043.2812,streamflow,10136600,ft3/s,['A'],0
2019-06-19,781.75696,streamflow,10136600,ft3/s,['A'],0
2019-06-20,661.21875,streamflow,10136600,ft3/s,['A'],0
2019-06-21,681.85767,streamflow,10136600,ft3/s,['A'],0
2019-06-22,799.9236,streamflow,10136600,ft3/s,['A'],0
2019-06-23,797.3611,streamflow,10136600,ft3/s,['A'],0
2019-06-24,613.51733,streamflow,10136600,ft3/s,['A'],0
2019-06-25,422.50348,streamflow,10136600,ft3/s,['A'],0
2019-06-26,358.33334,streamflow,10136600,ft3/s,['A'],0
2019-06-27,294.08334,streamflow,10136600,ft3/s,['A'],0
2019-06-28,257.0139,streamflow,10136600,ft3/s,['A'],0
2019-06-29,269.22916,streamflow,10136600,ft3/s,['A'],0
2019-06-30,257.90625,streamflow,10136600,ft3/s,['A'],0
2019-07-01,268.98264,streamflow,10136600,ft3/s,['A'],0
2019-07-02,221.24652,streamflow,10136600,ft3/s,['A'],0
2019-07-03,203.55902,streamflow,10136600,ft3/s,['A'],0
2019-07-04,245.46875,streamflow,10136600,ft3/s,['A'],0
2019-07-05,294.3229,streamflow,10136600,ft3/s,['A'],0
2019-07-06,290.09027,streamflow,10136600,ft3/s,['A'],0
2019-07-07,271.06598,streamflow,10136600,ft3/s,['A'],0
2019-07-08,230.16667,streamflow,10136600,ft3/s,['A'],0
2019-07-09,183.51979,streamflow,10136600,ft3/s,['A'],0
2019-07-10,202.94792,streamflow,10136600,ft3/s,['A'],0
2019-07-11,231.57639,streamflow,10136600,ft3/s,['A'],0
2019-07-12,184.97223,streamflow,10136600,ft3/s,['A'],0
2019-07-13,159.06598,streamflow,10136600,ft3/s,['A'],0
2019-07-14,219.19444,streamflow,10136600,ft3/s,['A'],0
2019-07-15,230.86806,streamflow,10136600,ft3/s,['A'],0
2019-07-16,172.98958,streamflow,10136600,ft3/s,['A'],0
2019-07-17,179.34375,streamflow,10136600,ft3/s,['A'],0
2019-07-18,145.63194,streamflow,10136600,ft3/s,['A'],0
2019-07-19,143.93785,streamflow,10136600,ft3/s,['A'],0
2019-07-20,144.55208,streamflow,10136600,ft3/s,['A'],0
2019-07-21,151.27083,streamflow,10136600,ft3/s,['A'],0
2019-07-22,149.22223,streamflow,10136600,ft3/s,['A'],0
2019-07-23,146.7882,streamflow,10136600,ft3/s,['A'],0
2019-07-24,160.89583,streamflow,10136600,ft3/s,['A'],0
2019-07-25,141.84375,streamflow,10136600,ft3/s,['A'],0
2019-07-26,166.61111,streamflow,10136600,ft3/s,['A'],0
2019-07-27,213.61111,streamflow,10136600,ft3/s,['A'],0
2019-07-28,238.56944,streamflow,10136600,ft3/s,['A'],0
2019-07-29,188.61458,streamflow,10136600,ft3/s,['A'],0
2019-07-30,156.24306,streamflow,10136600,ft3/s,['A'],0
2019-07-31,172.32986,streamflow,10136600,ft3/s,['A'],0
2019-08-01,214.40973,streamflow,10136600,ft3/s,['A'],0
2019-08-02,206.22917,streamflow,10136600,ft3/s,['A'],0
2019-08-03,189.84027,streamflow,10136600,ft3/s,['A'],0
2019-08-04,176.45833,streamflow,10136600,ft3/s,['A'],0
2019-08-05,146.04167,streamflow,10136600,ft3/s,['A'],0
2019-08-06,144.98611,streamflow,10136600,ft3/s,['A'],0
2019-08-07,130.99445,streamflow,10136600,ft3/s,['A'],0
2019-08-08,146.90277,streamflow,10136600,ft3/s,['A'],0
2019-08-09,200.06598,streamflow,10136600,ft3/s,['A'],0
2019-08-10,241.49652,streamflow,10136600,ft3/s,['A'],0
2019-08-11,208.8368,streamflow,10136600,ft3/s,['A'],0
2019-08-12,131.0,streamflow,10136600,ft3/s,['A'],0
2019-08-13,114.11667,streamflow,10136600,ft3/s,['A'],0
2019-08-14,128.76042,streamflow,10136600,ft3/s,['A'],0
2019-08-15,128.70833,streamflow,10136600,ft3/s,['A'],0
2019-08-16,148.39583,streamflow,10136600,ft3/s,['A'],0
2019-08-17,153.9375,streamflow,10136600,ft3/s,['A'],0
2019-08-18,154.0382,streamflow,10136600,ft3/s,['A'],0
2019-08-19,151.51389,streamflow,10136600,ft3/s,['A'],0
2019-08-20,128.81944,streamflow,10136600,ft3/s,['A'],0
2019-08-21,131.75694,streamflow,10136600,ft3/s,['A'],0
2019-08-22,139.72223,streamflow,10136600,ft3/s,['A'],0
2019-08-23,146.4618,streamflow,10136600,ft3/s,['A'],0
2019-08-24,163.29028,streamflow,10136600,ft3/s,['A'],0
2019-08-25,186.90277,streamflow,10136600,ft3/s,['A'],0
2019-08-26,159.9618,streamflow,10136600,ft3/s,['A'],0
2019-08-27,132.3125,streamflow,10136600,ft3/s,['A'],0
2019-08-28,123.82118,streamflow,10136600,ft3/s,['A'],0
2019-08-29,146.71875,streamflow,10136600,ft3/s,['A'],0
2019-08-30,157.89236,streamflow,10136600,ft3/s,['A'],0
2019-08-31,152.68056,streamflow,10136600,ft3/s,['A'],0
2019-09-01,180.0243,streamflow,10136600,ft3/s,['A'],0
2019-09-02,176.25,streamflow,10136600,ft3/s,['A'],0
2019-09-03,138.375,streamflow,10136600,ft3/s,['A'],0
2019-09-04,133.79167,streamflow,10136600,ft3/s,['A'],0
2019-09-05,145.6493,streamflow,10136600,ft3/s,['A'],0
2019-09-06,144.375,streamflow,10136600,ft3/s,['A'],0
2019-09-07,154.97223,streamflow,10136600,ft3/s,['A'],0
2019-09-08,179.21527,streamflow,10136600,ft3/s,['A'],0
2019-09-09,177.625,streamflow,10136600,ft3/s,['A'],0
2019-09-10,166.31944,streamflow,10136600,ft3/s,['A'],0
2019-09-11,211.3125,streamflow,10136600,ft3/s,['A'],0
2019-09-12,243.54861,streamflow,10136600,ft3/s,['A'],0
2019-09-13,191.61111,streamflow,10136600,ft3/s,['A'],0
2019-09-14,174.94444,streamflow,10136600,ft3/s,['A'],0
2019-09-15,153.43402,streamflow,10136600,ft3/s,['A'],0
2019-09-16,141.98264,streamflow,10136600,ft3/s,['A'],0
2019-09-17,147.94444,streamflow,10136600,ft3/s,['A'],0
2019-09-18,146.60417,streamflow,10136600,ft3/s,['A'],0
2019-09-19,129.98958,streamflow,10136600,ft3/s,['A'],0
2019-09-20,134.52708,streamflow,10136600,ft3/s,['A'],0
2019-09-21,219.48611,streamflow,10136600,ft3/s,['A'],0
2019-09-22,213.17014,streamflow,10136600,ft3/s,['A'],0
2019-09-23,180.72223,streamflow,10136600,ft3/s,['A'],0
2019-09-24,164.03473,streamflow,10136600,ft3/s,['A'],0
2019-09-25,154.43402,streamflow,10136600,ft3/s,['A'],0
2019-09-26,134.73264,streamflow,10136600,ft3/s,['A'],0
2019-09-27,138.19098,streamflow,10136600,ft3/s,['A'],0
2019-09-28,149.875,streamflow,10136600,ft3/s,['A'],0
2019-09-29,195.93402,streamflow,10136600,ft3/s,['A'],0
2019-09-30,176.65277,streamflow,10136600,ft3/s,['A'],0
2019-10-01,128.99652,streamflow,10136600,ft3/s,['A'],0
2019-10-02,135.09584,streamflow,10136600,ft3/s,['A'],0
2019-10-03,145.8993,streamflow,10136600,ft3/s,['A'],0
2019-10-04,142.00694,streamflow,10136600,ft3/s,['A'],0
2019-10-05,132.7257,streamflow,10136600,ft3/s,['A'],0
2019-10-06,128.94792,streamflow,10136600,ft3/s,['A'],0
2019-10-07,108.81528,streamflow,10136600,ft3/s,['A'],0
2019-10-08,116.599304,streamflow,10136600,ft3/s,['A'],0
2019-10-09,132.3507,streamflow,10136600,ft3/s,['A'],0
2019-10-10,110.16146,streamflow,10136600,ft3/s,['A'],0
2019-10-11,92.281944,streamflow,10136600,ft3/s,['A'],0
2019-10-12,108.05104,streamflow,10136600,ft3/s,['A'],0
2019-10-13,125.34028,streamflow,10136600,ft3/s,['A'],0
2019-10-14,117.02014,streamflow,10136600,ft3/s,['A'],0
2019-10-15,174.37952,streamflow,10136600,ft3/s,['A'],0
2019-10-16,180.3507,streamflow,10136600,ft3/s,['A'],0
2019-10-17,107.838196,streamflow,10136600,ft3/s,['A'],0
2019-10-18,97.18716,streamflow,10136600,ft3/s,['A'],0
2019-10-19,88.03819,streamflow,10136600,ft3/s,['A'],0
2019-10-20,114.926735,streamflow,10136600,ft3/s,['A'],0
2019-10-21,106.80972,streamflow,10136600,ft3/s,['A'],0
2019-10-22,101.79271,streamflow,10136600,ft3/s,['A'],0
2019-10-23,98.28112,streamflow,10136600,ft3/s,['A'],0
2019-10-24,109.44634,streamflow,10136600,ft3/s,['A'],0
2019-10-25,90.93368,streamflow,10136600,ft3/s,['A'],0
2019-10-26,88.719444,streamflow,10136600,ft3/s,['A'],0
2019-10-27,87.53333,streamflow,10136600,ft3/s,['A'],0
2019-10-28,86.931946,streamflow,10136600,ft3/s,['A'],0
2019-10-29,88.79236,streamflow,10136600,ft3/s,['A'],0
2019-10-30,88.93785,streamflow,10136600,ft3/s,['A'],0
2019-10-31,75.67914,streamflow,10136600,ft3/s,['A'],0
2019-11-01,81.99514,streamflow,10136600,ft3/s,['A'],0
2019-11-02,73.65659,streamflow,10136600,ft3/s,['A'],0
2019-11-03,72.54236,streamflow,10136600,ft3/s,['A'],0
2019-11-04,73.03819,streamflow,10136600,ft3/s,['A'],0
2019-11-05,65.57431,streamflow,10136600,ft3/s,['A'],0
2019-11-06,69.792015,streamflow,10136600,ft3/s,['A'],0
2019-11-07,70.29894,streamflow,10136600,ft3/s,['A'],0
2019-11-08,69.6809,streamflow,10136600,ft3/s,['A'],0
2019-11-09,68.36285,streamflow,10136600,ft3/s,['A'],0
2019-11-10,70.43264,streamflow,10136600,ft3/s,['A'],0
2019-11-11,68.54618,streamflow,10136600,ft3/s,['A'],0
2019-11-12,65.78611,streamflow,10136600,ft3/s,['A'],0
2019-11-13,63.61667,streamflow,10136600,ft3/s,['A'],0
2019-11-14,55.857292,streamflow,10136600,ft3/s,['A'],0
2019-11-15,58.57639,streamflow,10136600,ft3/s,['A'],0
2019-11-16,59.41215,streamflow,10136600,ft3/s,['A'],0
2019-11-17,66.71181,streamflow,10136600,ft3/s,['A'],0
2019-11-18,66.47535,streamflow,10136600,ft3/s,['A'],0
2019-11-19,66.265625,streamflow,10136600,ft3/s,['A'],0
2019-11-20,58.070484,streamflow,10136600,ft3/s,['A'],0
2019-11-21,72.099304,streamflow,10136600,ft3/s,['A'],0
2019-11-22,78.349655,streamflow,10136600,ft3/s,['A'],0
2019-11-23,75.109375,streamflow,10136600,ft3/s,['A'],0
2019-11-24,68.07535,streamflow,10136600,ft3/s,['A'],0
2019-11-25,74.24533,streamflow,10136600,ft3/s,['A'],0
2019-11-26,54.97818,streamflow,10136600,ft3/s,['A'],0
2019-11-27,61.144096,streamflow,10136600,ft3/s,['A'],0
2019-11-28,69.370834,streamflow,10136600,ft3/s,['A'],0
2019-11-29,68.359024,streamflow,10136600,ft3/s,['A'],0
2019-11-30,69.33368,streamflow,10136600,ft3/s,['A'],0
2019-12-01,65.81962,streamflow,10136600,ft3/s,['A'],0
2019-12-02,51.708332,streamflow,10136600,ft3/s,['A'],0
2019-12-03,61.021328,streamflow,10136600,ft3/s,['A'],0
2019-12-04,58.608334,streamflow,10136600,ft3/s,['A'],0
2019-12-05,60.92535,streamflow,10136600,ft3/s,['A'],0
2019-12-06,62.71007,streamflow,10136600,ft3/s,['A'],0
2019-12-07,72.72222,streamflow,10136600,ft3/s,['A'],0
2019-12-08,73.229164,streamflow,10136600,ft3/s,['A'],0
2019-12-09,74.046524,streamflow,10136600,ft3/s,['A'],0
2019-12-10,65.13854,streamflow,10136600,ft3/s,['A'],0
2019-12-11,67.10972,streamflow,10136600,ft3/s,['A'],0
2019-12-12,72.1941,streamflow,10136600,ft3/s,['A'],0
2019-12-13,111.38854,streamflow,10136600,ft3/s,['A'],0
2019-12-14,103.05486,streamflow,10136600,ft3/s,['A'],0
2019-12-15,96.7316,streamflow,10136600,ft3/s,['A'],0
2019-12-16,83.98993,streamflow,10136600,ft3/s,['A'],0
2019-12-17,74.23333,streamflow,10136600,ft3/s,['A'],0
2019-12-18,64.75,streamflow,10136600,ft3/s,['A'],0
2019-12-19,60.45,streamflow,10136600,ft3/s,['A'],0
2019-12-20,63.95,streamflow,10136600,ft3/s,['A'],0
2019-12-21,67.2,streamflow,10136600,ft3/s,['A'],0
2019-12-22,66.15,streamflow,10136600,ft3/s,['A'],0
2019-12-23,65.26614,streamflow,10136600,ft3/s,['A'],0
2019-12-24,66.71841,streamflow,10136600,ft3/s,['A'],0
2019-12-25,77.52396,streamflow,10136600,ft3/s,['A'],0
2019-12-26,77.16632,streamflow,10136600,ft3/s,['A'],0
2019-12-27,79.23993,streamflow,10136600,ft3/s,['A'],0
2019-12-28,74.48125,streamflow,10136600,ft3/s,['A'],0
2019-12-29,62.308773,streamflow,10136600,ft3/s,['A'],0
2019-12-30,68.525,streamflow,10136600,ft3/s,['A'],0
2019-12-31,61.353333,streamflow,10136600,ft3/s,['A'],0
2020-01-01,65.902084,streamflow,10136600,ft3/s,['A'],0
2020-01-02,80.70069,streamflow,10136600,ft3/s,['A'],0
2020-01-03,75.42118,streamflow,10136600,ft3/s,['A'],0
2020-01-04,69.43993,streamflow,10136600,ft3/s,['A'],0
2020-01-05,80.48993,streamflow,10136600,ft3/s,['A'],0
2020-01-06,73.839584,streamflow,10136600,ft3/s,['A'],0
2020-01-07,64.65972,streamflow,10136600,ft3/s,['A'],0
2020-01-08,56.11667,streamflow,10136600,ft3/s,['A'],0
2020-01-09,71.78159,streamflow,10136600,ft3/s,['A'],0
2020-01-10,72.21667,streamflow,10136600,ft3/s,['A'],0
2020-01-11,73.51122,streamflow,10136600,ft3/s,['A'],0
2020-01-12,71.97327,streamflow,10136600,ft3/s,['A'],0
2020-01-13,71.93646,streamflow,10136600,ft3/s,['A'],0
2020-01-14,65.80451,streamflow,10136600,ft3/s,['A'],0
2020-01-15,65.510345,streamflow,10136600,ft3/s,['A'],0
2020-01-16,59.75,streamflow,10136600,ft3/s,['A'],0
2020-01-17,66.23334,streamflow,10136600,ft3/s,['A'],0
2020-01-18,67.316666,streamflow,10136600,ft3/s,['A'],0
2020-01-19,60.5,streamflow,10136600,ft3/s,['A'],0
2020-01-20,59.3,streamflow,10136600,ft3/s,['A'],0
2020-01-21,64.933334,streamflow,10136600,ft3/s,['A'],0
2020-01-22,64.60976,streamflow,10136600,ft3/s,['A'],0
2020-01-23,61.13229,streamflow,10136600,ft3/s,['A'],0
2020-01-24,74.9125,streamflow,10136600,ft3/s,['A'],0
2020-01-25,76.436455,streamflow,10136600,ft3/s,['A'],0
2020-01-26,68.72639,streamflow,10136600,ft3/s,['A'],0
2020-01-27,71.515625,streamflow,10136600,ft3/s,['A'],0
2020-01-28,62.589237,streamflow,10136600,ft3/s,['A'],0
2020-01-29,70.17465,streamflow,10136600,ft3/s,['A'],0
2020-01-30,78.98646,streamflow,10136600,ft3/s,['A'],0
2020-01-31,71.39861,streamflow,10136600,ft3/s,['A'],0
2020-02-01,65.875,streamflow,10136600,ft3/s,['A'],0
2020-02-02,64.43229,streamflow,10136600,ft3/s,['A'],0
2020-02-03,68.104515,streamflow,10136600,ft3/s,['A'],0
2020-02-04,69.01398,streamflow,10136600,ft3/s,['A'],0
2020-02-05,65.21667,streamflow,10136600,ft3/s,['A'],0
2020-02-06,73.833336,streamflow,10136600,ft3/s,['A'],0
2020-02-07,109.10037,streamflow,10136600,ft3/s,['A'],0
2020-02-08,158.84723,streamflow,10136600,ft3/s,['A'],0
2020-02-09,112.63333,streamflow,10136600,ft3/s,['A'],0
2020-02-10,94.64757,streamflow,10136600,ft3/s,['A'],0
2020-02-11,71.717705,streamflow,10136600,ft3/s,['A'],0
2020-02-12,107.39028,streamflow,10136600,ft3/s,['A'],0
2020-02-13,97.380905,streamflow,10136600,ft3/s,['A'],0
2020-02-14,85.7684,streamflow,10136600,ft3/s,['A'],0
2020-02-15,72.05903,streamflow,10136600,ft3/s,['A'],0
2020-02-16,73.24514,streamflow,10136600,ft3/s,['A'],0
2020-02-17,93.12847,streamflow,10136600,ft3/s,['A'],0
2020-02-18,87.7618,streamflow,10136600,ft3/s,['A'],0
2020-02-19,71.01875,streamflow,10136600,ft3/s,['A'],0
2020-02-20,75.635765,streamflow,10136600,ft3/s,['A'],0
2020-02-21,72.40429,streamflow,10136600,ft3/s,['A'],0
2020-02-22,102.0,streamflow,10136600,ft3/s,['A'],0
2020-02-23,108.66531,streamflow,10136600,ft3/s,['A'],0
2020-02-24,117.854164,streamflow,10136600,ft3/s,['A'],0
2020-02-25,116.00347,streamflow,10136600,ft3/s,['A'],0
2020-02-26,112.697914,streamflow,10136600,ft3/s,['A'],0
2020-02-27,112.22222,streamflow,10136600,ft3/s,['A'],0
2020-02-28,116.236115,streamflow,10136600,ft3/s,['A'],0
2020-02-29,119.31944,streamflow,10136600,ft3/s,['A'],0
2020-03-01,123.86806,streamflow,10136600,ft3/s,['A'],0
2020-03-02,120.102776,streamflow,10136600,ft3/s,['A'],0
2020-03-03,92.364235,streamflow,10136600,ft3/s,['A'],0
2020-03-04,97.47569,streamflow,10136600,ft3/s,['A'],0
2020-03-05,80.57465,streamflow,10136600,ft3/s,['A'],0
2020-03-06,104.60174,streamflow,10136600,ft3/s,['A'],0
2020-03-07,132.11111,streamflow,10136600,ft3/s,['A'],0
2020-03-08,270.4757,streamflow,10136600,ft3/s,['A'],0
2020-03-09,360.68716,streamflow,10136600,ft3/s,['A'],0
2020-03-10,391.19098,streamflow,10136600,ft3/s,['A'],0
2020-03-11,494.9514,streamflow,10136600,ft3/s,['A'],0
2020-03-12,510.25348,streamflow,10136600,ft3/s,['A'],0
2020-03-13,526.2917,streamflow,10136600,ft3/s,['A'],0
2020-03-14,451.44446,streamflow,10136600,ft3/s,['A'],0
2020-03-15,595.13196,streamflow,10136600,ft3/s,['A'],0
2020-03-16,621.67017,streamflow,10136600,ft3/s,['A'],0
2020-03-17,548.3507,streamflow,10136600,ft3/s,['A'],0
2020-03-18,570.23956,streamflow,10136600,ft3/s,['A'],0
2020-03-19,538.30206,streamflow,10136600,ft3/s,['A'],0
2020-03-20,501.68292,streamflow,10136600,ft3/s,['A'],0
2020-03-21,490.94446,streamflow,10136600,ft3/s,['A'],0
2020-03-22,489.8368,streamflow,10136600,ft3/s,['A'],0
2020-03-23,483.02777,streamflow,10136600,ft3/s,['A'],0
2020-03-24,486.37848,streamflow,10136600,ft3/s,['A'],0
2020-03-25,587.4146,streamflow,10136600,ft3/s,['A'],0
2020-03-26,589.941,streamflow,10136600,ft3/s,['A'],0
2020-03-27,540.5,streamflow,10136600,ft3/s,['A'],0
2020-03-28,506.1007,streamflow,10136600,ft3/s,['A'],0
2020-03-29,485.34723,streamflow,10136600,ft3/s,['A'],0
2020-03-30,489.0,streamflow,10136600,ft3/s,['A'],0
2020-03-31,490.86804,streamflow,10136600,ft3/s,['A'],0
2020-04-01,533.30554,streamflow,10136600,ft3/s,['A'],0
2020-04-02,531.0764,streamflow,10136600,ft3/s,['A'],0
2020-04-03,469.3889,streamflow,10136600,ft3/s,['A'],0
2020-04-04,388.3021,streamflow,10136600,ft3/s,['A'],0
2020-04-05,356.58334,streamflow,10136600,ft3/s,['A'],0
2020-04-06,380.4618,streamflow,10136600,ft3/s,['A'],0
2020-04-07,388.12152,streamflow,10136600,ft3/s,['A'],0
2020-04-08,386.62152,streamflow,10136600,ft3/s,['A'],0
2020-04-09,376.0243,streamflow,10136600,ft3/s,['A'],0
2020-04-10,412.4132,streamflow,10136600,ft3/s,['A'],0
2020-04-11,437.86804,streamflow,10136600,ft3/s,['A'],0
2020-04-12,450.60416,streamflow,10136600,ft3/s,['A'],0
2020-04-13,408.3993,streamflow,10136600,ft3/s,['A'],0
2020-04-14,341.13196,streamflow,10136600,ft3/s,['A'],0
2020-04-15,298.96527,streamflow,10136600,ft3/s,['A'],0
2020-04-16,343.0486,streamflow,10136600,ft3/s,['A'],0
2020-04-17,311.56946,streamflow,10136600,ft3/s,['A'],0
2020-04-18,308.75,streamflow,10136600,ft3/s,['A'],0
2020-04-19,298.8229,streamflow,10136600,ft3/s,['A'],0
2020-04-20,289.4861,streamflow,10136600,ft3/s,['A'],0
2020-04-21,295.31598,streamflow,10136600,ft3/s,['A'],0
2020-04-22,298.99652,streamflow,10136600,ft3/s,['A'],0
2020-04-23,348.12848,streamflow,10136600,ft3/s,['A'],0
2020-04-24,413.9236,streamflow,10136600,ft3/s,['A'],0
2020-04-25,393.28125,streamflow,10136600,ft3/s,['A'],0
2020-04-26,414.91666,streamflow,10136600,ft3/s,['A'],0
2020-04-27,531.2014,streamflow,10136600,ft3/s,['A'],0
2020-04-28,501.1771,streamflow,10136600,ft3/s,['A'],0
2020-04-29,487.11847,streamflow,10136600,ft3/s,['A'],0
2020-04-30,485.65973,streamflow,10136600,ft3/s,['A'],0
2020-05-01,663.26044,streamflow,10136600,ft3/s,['A'],0
2020-05-02,620.98267,streamflow,10136600,ft3/s,['A'],0
2020-05-03,532.066,streamflow,10136600,ft3/s,['A'],0
2020-05-04,486.20486,streamflow,10136600,ft3/s,['A'],0
2020-05-05,400.68054,streamflow,10136600,ft3/s,['A'],0
2020-05-06,362.71875,streamflow,10136600,ft3/s,['A'],0
2020-05-07,362.45486,streamflow,10136600,ft3/s,['A'],0
2020-05-08,268.71875,streamflow,10136600,ft3/s,['A'],0
2020-05-09,204.47917,streamflow,10136600,ft3/s,['A'],0
2020-05-10,199.44931,streamflow,10136600,ft3/s,['A'],0
2020-05-11,190.39236,streamflow,10136600,ft3/s,['A'],0
2020-05-12,225.32986,streamflow,10136600,ft3/s,['A'],0
2020-05-13,215.30556,streamflow,10136600,ft3/s,['A'],0
2020-05-14,156.61806,streamflow,10136600,ft3/s,['A'],0
2020-05-15,157.58333,streamflow,10136600,ft3/s,['A'],0
2020-05-16,157.62848,streamflow,10136600,ft3/s,['A'],0
2020-05-17,195.73264,streamflow,10136600,ft3/s,['A'],0
2020-05-18,202.2743,streamflow,10136600,ft3/s,['A'],0
2020-05-19,203.86111,streamflow,10136600,ft3/s,['A'],0
2020-05-20,200.69792,streamflow,10136600,ft3/s,['A'],0
2020-05-21,214.82292,streamflow,10136600,ft3/s,['A'],0
2020-05-22,200.21875,streamflow,10136600,ft3/s,['A'],0
2020-05-23,200.4618,streamflow,10136600,ft3/s,['A'],0
2020-05-24,208.58923,streamflow,10136600,ft3/s,['A'],0
2020-05-25,230.79861,streamflow,10136600,ft3/s,['A'],0
2020-05-26,149.13681,streamflow,10136600,ft3/s,['A'],0
2020-05-27,129.51389,streamflow,10136600,ft3/s,['A'],0
2020-05-28,146.03368,streamflow,10136600,ft3/s,['A'],0
2020-05-29,175.21527,streamflow,10136600,ft3/s,['A'],0
2020-05-30,170.28473,streamflow,10136600,ft3/s,['A'],0
2020-05-31,192.71388,streamflow,10136600,ft3/s,['A'],0
2020-06-01,184.9132,streamflow,10136600,ft3/s,['A'],0
2020-06-02,159.83333,streamflow,10136600,ft3/s,['A'],0
2020-06-03,169.9375,streamflow,10136600,ft3/s,['A'],0
2020-06-04,164.30902,streamflow,10136600,ft3/s,['A'],0
2020-06-05,138.62848,streamflow,10136600,ft3/s,['A'],0
2020-06-06,157.3125,streamflow,10136600,ft3/s,['A'],0
2020-06-07,373.1111,streamflow,10136600,ft3/s,['A'],0
2020-06-08,382.97223,streamflow,10136600,ft3/s,['A'],0
2020-06-09,327.50696,streamflow,10136600,ft3/s,['A'],0
2020-06-10,297.69446,streamflow,10136600,ft3/s,['A'],0
2020-06-11,263.83334,streamflow,10136600,ft3/s,['A'],0
2020-06-12,196.3507,streamflow,10136600,ft3/s,['A'],0
2020-06-13,136.50381,streamflow,10136600,ft3/s,['A'],0
2020-06-14,147.93402,streamflow,10136600,ft3/s,['A'],0
2020-06-15,157.22223,streamflow,10136600,ft3/s,['A'],0
2020-06-16,170.81598,streamflow,10136600,ft3/s,['A'],0
2020-06-17,260.21875,streamflow,10136600,ft3/s,['A'],0
2020-06-18,281.24304,streamflow,10136600,ft3/s,['A'],0
2020-06-19,290.56598,streamflow,10136600,ft3/s,['A'],0
2020-06-20,226.77777,streamflow,10136600,ft3/s,['A'],0
2020-06-21,196.8125,streamflow,10136600,ft3/s,['A'],0
2020-06-22,160.80208,streamflow,10136600,ft3/s,['A'],0
2020-06-23,127.60069,streamflow,10136600,ft3/s,['A'],0
2020-06-24,112.35833,streamflow,10136600,ft3/s,['A'],0
2020-06-25,132.18056,streamflow,10136600,ft3/s,['A'],0
2020-06-26,120.09132,streamflow,10136600,ft3/s,['A'],0
2020-06-27,140.99306,streamflow,10136600,ft3/s,['A'],0
2020-06-28,139.92361,streamflow,10136600,ft3/s,['A'],0
2020-06-29,221.06944,streamflow,10136600,ft3/s,['A'],0
2020-06-30,319.06946,streamflow,10136600,ft3/s,['A'],0
2020-07-01,299.65277,streamflow,10136600,ft3/s,['A'],0
2020-07-02,233.8125,streamflow,10136600,ft3/s,['A'],0
2020-07-03,189.54861,streamflow,10136600,ft3/s,['A'],0
2020-07-04,154.24306,streamflow,10136600,ft3/s,['A'],0
2020-07-05,163.55902,streamflow,10136600,ft3/s,['A'],0
2020-07-06,112.099304,streamflow,10136600,ft3/s,['A'],0
2020-07-07,113.05868,streamflow,10136600,ft3/s,['A'],0
2020-07-08,128.67014,streamflow,10136600,ft3/s,['A'],0
2020-07-09,132.22223,streamflow,10136600,ft3/s,['A'],0
2020-07-10,132.89236,streamflow,10136600,ft3/s,['A'],0
2020-07-11,123.145836,streamflow,10136600,ft3/s,['A'],0
2020-07-12,112.045135,streamflow,10136600,ft3/s,['A'],0
2020-07-13,101.61802,streamflow,10136600,ft3/s,['A'],0
2020-07-14,128.3618,streamflow,10136600,ft3/s,['A'],0
2020-07-15,121.97118,streamflow,10136600,ft3/s,['A'],0
2020-07-16,133.62813,streamflow,10136600,ft3/s,['A'],0
2020-07-17,135.21527,streamflow,10136600,ft3/s,['A'],0
2020-07-18,120.84028,streamflow,10136600,ft3/s,['A'],0
2020-07-19,137.14272,streamflow,10136600,ft3/s,['A'],0
2020-07-20,174.77777,streamflow,10136600,ft3/s,['A'],0
2020-07-21,144.88472,streamflow,10136600,ft3/s,['A'],0
2020-07-22,126.673615,streamflow,10136600,ft3/s,['A'],0
2020-07-23,125.204865,streamflow,10136600,ft3/s,['A'],0
2020-07-24,147.6059,streamflow,10136600,ft3/s,['A'],0
2020-07-25,159.85764,streamflow,10136600,ft3/s,['A'],0
2020-07-26,176.1875,streamflow,10136600,ft3/s,['A'],0
2020-07-27,157.17708,streamflow,10136600,ft3/s,['A'],0
2020-07-28,140.18056,streamflow,10136600,ft3/s,['A'],0
2020-07-29,124.1691,streamflow,10136600,ft3/s,['A'],0
2020-07-30,136.31598,streamflow,10136600,ft3/s,['A'],0
2020-07-31,111.931946,streamflow,10136600,ft3/s,['A'],0
2020-08-01,113.172226,streamflow,10136600,ft3/s,['A'],0
2020-08-02,121.90972,streamflow,10136600,ft3/s,['A'],0
2020-08-03,114.53889,streamflow,10136600,ft3/s,['A'],0
2020-08-04,106.85868,streamflow,10136600,ft3/s,['A'],0
2020-08-05,116.876045,streamflow,10136600,ft3/s,['A'],0
2020-08-06,102.51528,streamflow,10136600,ft3/s,['A'],0
2020-08-07,114.34618,streamflow,10136600,ft3/s,['A'],0
2020-08-08,112.05764,streamflow,10136600,ft3/s,['A'],0
2020-08-09,139.08333,streamflow,10136600,ft3/s,['A'],0
2020-08-10,127.000694,streamflow,10136600,ft3/s,['A'],0
2020-08-11,121.72847,streamflow,10136600,ft3/s,['A'],0
2020-08-12,106.39618,streamflow,10136600,ft3/s,['A'],0
2020-08-13,103.75313,streamflow,10136600,ft3/s,['A'],0
2020-08-14,131.95348,streamflow,10136600,ft3/s,['A'],0
2020-08-15,130.12222,streamflow,10136600,ft3/s,['A'],0
2020-08-16,157.72292,streamflow,10136600,ft3/s,['A'],0
2020-08-17,131.25659,streamflow,10136600,ft3/s,['A'],0
2020-08-18,87.21597,streamflow,10136600,ft3/s,['A'],0
2020-08-19,101.6184,streamflow,10136600,ft3/s,['A'],0
2020-08-20,119.15312,streamflow,10136600,ft3/s,['A'],0
2020-08-21,143.08055,streamflow,10136600,ft3/s,['A'],0
2020-08-22,149.82639,streamflow,10136600,ft3/s,['A'],0
2020-08-23,162.21527,streamflow,10136600,ft3/s,['A'],0
2020-08-24,183.01736,streamflow,10136600,ft3/s,['A'],0
2020-08-25,172.24652,streamflow,10136600,ft3/s,['A'],0
2020-08-26,145.88194,streamflow,10136600,ft3/s,['A'],0
2020-08-27,157.88126,streamflow,10136600,ft3/s,['A'],0
2020-08-28,156.94098,streamflow,10136600,ft3/s,['A'],0
2020-08-29,148.48958,streamflow,10136600,ft3/s,['A'],0
2020-08-30,155.70209,streamflow,10136600,ft3/s,['A'],0
2020-08-31,150.1007,streamflow,10136600,ft3/s,['A'],0
2020-09-01,179.1632,streamflow,10136600,ft3/s,['A'],0
2020-09-02,190.73611,streamflow,10136600,ft3/s,['A'],0
2020-09-03,138.09027,streamflow,10136600,ft3/s,['A'],0
2020-09-04,118.861115,streamflow,10136600,ft3/s,['A'],0
2020-09-05,151.42014,streamflow,10136600,ft3/s,['A'],0
2020-09-06,178.10417,streamflow,10136600,ft3/s,['A'],0
2020-09-07,175.88194,streamflow,10136600,ft3/s,['A'],0
2020-09-08,159.38889,streamflow,10136600,ft3/s,['A'],0
2020-09-09,230.00348,streamflow,10136600,ft3/s,['A'],0
2020-09-10,254.18056,streamflow,10136600,ft3/s,['A'],0
2020-09-11,213.01389,streamflow,10136600,ft3/s,['A'],0
2020-09-12,172.11806,streamflow,10136600,ft3/s,['A'],0
2020-09-13,130.6118,streamflow,10136600,ft3/s,['A'],0
2020-09-14,106.61493,streamflow,10136600,ft3/s,['A'],0
2020-09-15,101.96042,streamflow,10136600,ft3/s,['A'],0
2020-09-16,138.82777,streamflow,10136600,ft3/s,['A'],0
2020-09-17,163.17014,streamflow,10136600,ft3/s,['A'],0
2020-09-18,164.67361,streamflow,10136600,ft3/s,['A'],0
2020-09-19,125.37014,streamflow,10136600,ft3/s,['A'],0
2020-09-20,178.78125,streamflow,10136600,ft3/s,['A'],0
2020-09-21,188.59723,streamflow,10136600,ft3/s,['A'],0
2020-09-22,147.52777,streamflow,10136600,ft3/s,['A'],0
2020-09-23,124.498955,streamflow,10136600,ft3/s,['A'],0
2020-09-24,101.925,streamflow,10136600,ft3/s,['A'],0
2020-09-25,98.54826,streamflow,10136600,ft3/s,['A'],0
2020-09-26,101.63333,streamflow,10136600,ft3/s,['A'],0
2020-09-27,138.59756,streamflow,10136600,ft3/s,['A'],0
2020-09-28,152.80174,streamflow,10136600,ft3/s,['A'],0
2020-09-29,114.12274,streamflow,10136600,ft3/s,['A'],0

